antecedents,consequents,case_count,support,confidence,lift
"frozenset({'LACOSAMIDE', 'LEVETIRACETAM'})",frozenset({'Drug ineffective'}),52,0.008718980549966466,0.17993079584775087,2.592046537284991
"frozenset({'VALPROIC ACID', 'LEVETIRACETAM'})",frozenset({'Drug ineffective'}),27,0.004527162977867203,0.19424460431654678,2.798248357835471
"frozenset({'CLOBAZAM', 'LEVETIRACETAM'})",frozenset({'Drug ineffective'}),26,0.004359490274983233,0.15294117647058825,2.2032395566922425
"frozenset({'LACOSAMIDE', 'CLOBAZAM'})",frozenset({'Drug ineffective'}),21,0.0035211267605633804,0.23863636363636365,3.437747035573123
"frozenset({'PREDNISOLONE', 'CYCLOSPORINE'})",frozenset({'Drug ineffective'}),20,0.00335345405767941,0.11976047904191617,1.7252451618502127
"frozenset({'PREDNISOLONE', 'AZATHIOPRINE'})",frozenset({'Therapy non-responder'}),20,0.00335345405767941,0.10869565217391305,8.643478260869566
"frozenset({'VALPROIC ACID', 'LACOSAMIDE'})",frozenset({'Drug ineffective'}),18,0.0030181086519114686,0.22499999999999998,3.241304347826087
"frozenset({'IBUPROFEN', 'GABAPENTIN'})",frozenset({'Drug ineffective'}),17,0.002850435949027498,0.27419354838709675,3.94997662459093
"frozenset({'PHENYTOIN', 'LEVETIRACETAM'})",frozenset({'Drug ineffective'}),17,0.002850435949027498,0.19999999999999998,2.881159420289855
"frozenset({'PHENYTOIN', 'GABAPENTIN'})",frozenset({'Drug ineffective'}),17,0.002850435949027498,0.37777777777777777,5.442190016103059
"frozenset({'PHENYTOIN', 'IBUPROFEN'})",frozenset({'Drug ineffective'}),16,0.0026827632461435278,0.39999999999999997,5.76231884057971
"frozenset({'AMITRIPTYLINE', 'PREGABALIN'})",frozenset({'Serotonin syndrome'}),15,0.0025150905432595573,0.15957446808510636,24.402618657937804
"frozenset({'LAMOTRIGINE', 'MELATONIN'})",frozenset({'Cardiac arrest'}),14,0.002347417840375587,0.411764705882353,122.78823529411765
"frozenset({'OXCARBAZEPINE', 'LEVETIRACETAM'})",frozenset({'Drug ineffective'}),14,0.002347417840375587,0.1891891891891892,2.7254210732471607
"frozenset({'PHENOBARBITAL', 'LEVETIRACETAM'})",frozenset({'Drug ineffective'}),13,0.0021797451374916165,0.20634920634920637,2.9726247987117556
"frozenset({'TOPIRAMATE', 'LEVETIRACETAM'})",frozenset({'Drug ineffective'}),13,0.0021797451374916165,0.23636363636363636,3.4050065876152833
"frozenset({'TOPIRAMATE', 'LACOSAMIDE'})",frozenset({'Drug ineffective'}),13,0.0021797451374916165,0.2765957446808511,3.9845821769966085
"frozenset({'IBUPROFEN', 'GABAPENTIN'})",frozenset({'Off label use'}),13,0.0021797451374916165,0.20967741935483872,5.298797156916348
"frozenset({'LAMOTRIGINE', 'PRAMIPEXOLE'})",frozenset({'Condition aggravated'}),12,0.002012072434607646,0.33333333333333337,25.81818181818182
"frozenset({'VALPROIC ACID', 'CLOBAZAM'})",frozenset({'Drug ineffective'}),12,0.002012072434607646,0.17910447761194032,2.5801427644386767
"frozenset({'GABAPENTIN', 'BACLOFEN'})",frozenset({'Drug ineffective'}),12,0.002012072434607646,0.1142857142857143,1.646376811594203
"frozenset({'PHENYTOIN', 'GABAPENTIN'})",frozenset({'Inspiratory capacity decreased'}),12,0.002012072434607646,0.26666666666666666,132.53333333333333
"frozenset({'PHENYTOIN', 'LACOSAMIDE'})",frozenset({'Drug ineffective'}),12,0.002012072434607646,0.2553191489361702,3.6780758556891766
"frozenset({'MYCOPHENOLATE MOFETIL', 'ALEMTUZUMAB'})",frozenset({'Cytomegalovirus infection reactivation'}),12,0.002012072434607646,0.28571428571428575,74.08695652173914
"frozenset({'MYCOPHENOLATE MOFETIL', 'AZATHIOPRINE'})",frozenset({'Drug ineffective'}),12,0.002012072434607646,0.12631578947368421,1.819679633867277
"frozenset({'LAMOTRIGINE', 'CLOBAZAM'})",frozenset({'Foetal exposure during pregnancy'}),11,0.0018443997317236754,0.11702127659574467,18.366181410974242
"frozenset({'CLOBAZAM', 'PHENOBARBITAL'})",frozenset({'Drug ineffective'}),10,0.001676727028839705,0.14084507042253522,2.028985507246377
"frozenset({'TOPIRAMATE', 'CLOBAZAM'})",frozenset({'Drug ineffective'}),10,0.001676727028839705,0.16129032258064516,2.323515661524077
"frozenset({'METOCLOPRAMIDE', 'PREDNISOLONE'})",frozenset({'Thrombotic microangiopathy'}),10,0.001676727028839705,1.0,496.99999999999994
"frozenset({'ZOPICLONE', 'PREGABALIN'})",frozenset({'Acquired haemophilia'}),10,0.001676727028839705,0.2631578947368421,156.94736842105263
"frozenset({'LAMOTRIGINE', 'MELATONIN'})",frozenset({'Death'}),10,0.001676727028839705,0.29411764705882354,92.3219814241486
"frozenset({'DULOXETINE', 'ZOPICLONE'})",frozenset({'Dementia'}),10,0.001676727028839705,0.35714285714285715,163.84615384615384
"frozenset({'PHENYTOIN', 'IBUPROFEN'})",frozenset({'Inspiratory capacity decreased'}),10,0.001676727028839705,0.25,124.24999999999999
"frozenset({'ACYCLOVIR', 'AMPHOTERICIN B'})",frozenset({'Renal tubular disorder'}),10,0.001676727028839705,0.5263157894736842,313.89473684210526
"frozenset({'IBUPROFEN', 'GABAPENTIN'})",frozenset({'Inspiratory capacity decreased'}),10,0.001676727028839705,0.16129032258064516,80.16129032258064
"frozenset({'LEVETIRACETAM', 'PREGABALIN'})",frozenset({'Drug ineffective'}),10,0.001676727028839705,0.2380952380952381,3.4299516908212566
"frozenset({'PHENYTOIN', 'GABAPENTIN'})",frozenset({'Drug ineffective for unapproved indication'}),9,0.0015090543259557343,0.19999999999999998,22.50566037735849
"frozenset({'METOCLOPRAMIDE', 'CYCLOSPORINE'})",frozenset({'Cardiac failure'}),9,0.0015090543259557343,1.0,542.1818181818181
"frozenset({'ZOPICLONE', 'BACLOFEN'})",frozenset({'Suicidal ideation'}),9,0.0015090543259557343,0.3913043478260869,83.34782608695652
"frozenset({'GABAPENTIN', 'AMANTADINE'})",frozenset({'Serotonin syndrome'}),9,0.0015090543259557343,0.6428571428571428,98.30769230769229
"frozenset({'PHENYTOIN', 'TOPIRAMATE'})",frozenset({'Drug ineffective'}),9,0.0015090543259557343,0.4736842105263157,6.8237986270022875
"frozenset({'CLOBAZAM', 'OXCARBAZEPINE'})",frozenset({'Drug ineffective'}),9,0.0015090543259557343,0.23076923076923075,3.3244147157190636
"frozenset({'GABAPENTIN', 'LEVETIRACETAM'})",frozenset({'Purpura'}),9,0.0015090543259557343,0.20454545454545453,135.54545454545453
"frozenset({'VALPROIC ACID', 'TOPIRAMATE'})",frozenset({'Drug ineffective'}),9,0.0015090543259557343,0.20454545454545453,2.9466403162055337
"frozenset({'PHENYTOIN', 'GABAPENTIN'})",frozenset({'Off label use'}),9,0.0015090543259557343,0.19999999999999998,5.054237288135592
"frozenset({'LEVETIRACETAM', 'CEFTRIAXONE'})",frozenset({'Purpura'}),9,0.0015090543259557343,0.5,331.33333333333337
"frozenset({'LAMOTRIGINE', 'BENZTROPINE'})",frozenset({'Cardiac arrest'}),8,0.0013413816230717639,0.5,149.1
"frozenset({'ZONISAMIDE', 'LEVETIRACETAM'})",frozenset({'Drug ineffective'}),8,0.0013413816230717639,0.2962962962962963,4.268384326355341
"frozenset({'LACOSAMIDE', 'OXCARBAZEPINE'})",frozenset({'Drug ineffective'}),8,0.0013413816230717639,0.17777777777777778,2.5610305958132047
"frozenset({'DULOXETINE', 'PREGABALIN'})",frozenset({'Drug ineffective'}),8,0.0013413816230717639,0.10526315789473684,1.5163996948893974
"frozenset({'IBUPROFEN', 'GABAPENTIN'})",frozenset({'Therapy non-responder'}),8,0.0013413816230717639,0.12903225806451613,10.260645161290322
"frozenset({'OXCARBAZEPINE', 'PREGABALIN'})",frozenset({'Parkinsonism'}),8,0.0013413816230717639,0.2962962962962963,80.32323232323232
"frozenset({'IBUPROFEN', 'GABAPENTIN'})",frozenset({'Drug ineffective for unapproved indication'}),8,0.0013413816230717639,0.12903225806451613,14.51978088861838
"frozenset({'DULOXETINE', 'AMANTADINE'})",frozenset({'Serotonin syndrome'}),8,0.0013413816230717639,0.47058823529411764,71.96380090497738
"frozenset({'LACOSAMIDE', 'PHENOBARBITAL'})",frozenset({'Drug ineffective'}),8,0.0013413816230717639,0.42105263157894735,6.06559877955759
"frozenset({'LAMOTRIGINE', 'ZOPICLONE'})",frozenset({'Cerebrovascular accident'}),8,0.0013413816230717639,0.20512820512820512,87.38461538461537
"frozenset({'PHENYTOIN', 'IBUPROFEN'})",frozenset({'Drug ineffective for unapproved indication'}),8,0.0013413816230717639,0.19999999999999998,22.50566037735849
"frozenset({'CARBAMAZEPINE', 'LEVETIRACETAM'})",frozenset({'Drug ineffective'}),7,0.0011737089201877935,0.12727272727272726,1.8334650856389987
"frozenset({'GABAPENTIN', 'CLOBAZAM'})",frozenset({'Drug ineffective'}),7,0.0011737089201877935,0.1346153846153846,1.939241917502787
"frozenset({'VALPROIC ACID', 'LAMOTRIGINE'})",frozenset({'Drug ineffective'}),7,0.0011737089201877935,0.125,1.8007246376811594
"frozenset({'LACOSAMIDE', 'ZONISAMIDE'})",frozenset({'Drug ineffective'}),7,0.0011737089201877935,0.30434782608695654,4.384373030875867
"frozenset({'CANDESARTAN', 'AZATHIOPRINE'})",frozenset({'Obstructive airways disorder'}),7,0.0011737089201877935,0.11864406779661017,101.08474576271186
"frozenset({'PREDNISOLONE', 'LEVETIRACETAM'})",frozenset({'Condition aggravated'}),7,0.0011737089201877935,0.30434782608695654,23.57312252964427
"frozenset({'PHENYTOIN', 'CLOBAZAM'})",frozenset({'Drug ineffective'}),7,0.0011737089201877935,0.16279069767441862,2.3451297607010453
"frozenset({'CARBAMAZEPINE', 'LACOSAMIDE'})",frozenset({'Drug ineffective'}),7,0.0011737089201877935,0.21212121212121213,3.055775142731665
"frozenset({'GABAPENTIN', 'DULOXETINE'})",frozenset({'Serotonin syndrome'}),7,0.0011737089201877935,0.10447761194029852,15.977037887485649
"frozenset({'PHENOBARBITAL', 'LEVETIRACETAM'})",frozenset({'Off label use'}),7,0.0011737089201877935,0.11111111111111112,2.8079096045197742
"frozenset({'GABAPENTIN', 'DULOXETINE'})",frozenset({'Cholestatic liver injury'}),7,0.0011737089201877935,0.10447761194029852,56.645861601085485
"frozenset({'GABAPENTIN', 'PHENOBARBITAL'})",frozenset({'Drug ineffective'}),7,0.0011737089201877935,0.15555555555555556,2.240901771336554
"frozenset({'VALPROIC ACID', 'OXCARBAZEPINE'})",frozenset({'Drug ineffective'}),7,0.0011737089201877935,0.35,5.042028985507247
"frozenset({'PHENYTOIN', 'IBUPROFEN'})",frozenset({'Off label use'}),7,0.0011737089201877935,0.175,4.422457627118644
"frozenset({'LEVETIRACETAM', 'PREGABALIN'})",frozenset({'Ischaemic stroke'}),7,0.0011737089201877935,0.16666666666666666,41.416666666666664
"frozenset({'CARBAMAZEPINE', 'AMITRIPTYLINE'})",frozenset({'Fall'}),7,0.0011737089201877935,0.17073170731707316,19.212149102623098
"frozenset({'CLOBAZAM', 'BACLOFEN'})",frozenset({'Drug ineffective'}),7,0.0011737089201877935,0.14893617021276595,2.1455442491520196
"frozenset({'PHENOBARBITAL', 'BACLOFEN'})",frozenset({'Drug ineffective'}),7,0.0011737089201877935,0.14893617021276595,2.1455442491520196
"frozenset({'BENZTROPINE', 'MELATONIN'})",frozenset({'Cardiac arrest'}),7,0.0011737089201877935,0.4375,130.4625
"frozenset({'BENZTROPINE', 'MELATONIN'})",frozenset({'Death'}),6,0.001006036217303823,0.37500000000000006,117.71052631578948
"frozenset({'BENZTROPINE', 'LAMOTRIGINE'})",frozenset({'Death'}),6,0.001006036217303823,0.37500000000000006,117.71052631578948
"frozenset({'LAMOTRIGINE', 'ZOLPIDEM'})",frozenset({'Suicidal ideation'}),6,0.001006036217303823,0.11764705882352941,25.058823529411764
"frozenset({'GABAPENTIN', 'AMITRIPTYLINE'})",frozenset({'Anal incontinence'}),6,0.001006036217303823,0.14285714285714288,121.71428571428572
"frozenset({'PREGABALIN', 'BACLOFEN'})",frozenset({'Altered state of consciousness'}),6,0.001006036217303823,0.11320754716981132,67.51698113207547
"frozenset({'TOPIRAMATE', 'OXCARBAZEPINE'})",frozenset({'Hypokalaemia'}),6,0.001006036217303823,0.20689655172413796,72.5841784989858
"frozenset({'LAMOTRIGINE', 'PRAMIPEXOLE'})",frozenset({'Suicide attempt'}),6,0.001006036217303823,0.16666666666666669,31.062500000000004
"frozenset({'METOCLOPRAMIDE', 'ZOPICLONE'})",frozenset({'Ischaemic stroke'}),6,0.001006036217303823,0.5454545454545455,135.54545454545456
"frozenset({'LAMOTRIGINE', 'ZONISAMIDE'})",frozenset({'Foetal exposure during pregnancy'}),6,0.001006036217303823,0.20689655172413796,32.471869328493646
"frozenset({'DIAZEPAM', 'ZOPICLONE'})",frozenset({'Myocardial infarction'}),6,0.001006036217303823,0.17142857142857146,73.02857142857144
"frozenset({'TOPIRAMATE', 'LEVETIRACETAM'})",frozenset({'Multiple-drug resistance'}),6,0.001006036217303823,0.1090909090909091,23.236363636363638
"frozenset({'CLOBAZAM', 'BACLOFEN'})",frozenset({'Drug dependence'}),6,0.001006036217303823,0.1276595744680851,34.6073500967118
"frozenset({'DIAZEPAM', 'METHYLPHENIDATE'})",frozenset({'Pulmonary embolism'}),6,0.001006036217303823,0.6666666666666667,165.66666666666666
"frozenset({'MYCOPHENOLATE MOFETIL', 'ECULIZUMAB'})",frozenset({'COVID-19'}),6,0.001006036217303823,0.8571428571428572,164.90322580645162
"frozenset({'LAMOTRIGINE', 'ZOLPIDEM'})",frozenset({'Condition aggravated'}),6,0.001006036217303823,0.11764705882352941,9.11229946524064
"frozenset({'LAMOTRIGINE', 'PRAMIPEXOLE'})",frozenset({'Suicidal ideation'}),6,0.001006036217303823,0.16666666666666669,35.5
"frozenset({'RISPERIDONE', 'ZOPICLONE'})",frozenset({'Fall'}),6,0.001006036217303823,0.14285714285714288,16.07547169811321
"frozenset({'ACYCLOVIR', 'CEFTRIAXONE'})",frozenset({'Stevens-Johnson syndrome'}),6,0.001006036217303823,0.3157894736842105,110.78637770897832
"frozenset({'LAMOTRIGINE', 'ZOLPIDEM'})",frozenset({'Drug ineffective'}),6,0.001006036217303823,0.11764705882352941,1.6947996589940324
"frozenset({'LAMOTRIGINE', 'RISPERIDONE'})",frozenset({'Drug ineffective'}),6,0.001006036217303823,0.12,1.728695652173913
"frozenset({'VANCOMYCIN', 'RITUXIMAB'})",frozenset({'Quadriparesis'}),6,0.001006036217303823,1.0,852.0
"frozenset({'PHENYTOIN', 'VALPROIC ACID'})",frozenset({'Drug ineffective'}),6,0.001006036217303823,0.17142857142857146,2.4695652173913047
"frozenset({'TOPIRAMATE', 'ZONISAMIDE'})",frozenset({'Drug ineffective'}),5,0.0008383635144198525,0.2380952380952381,3.4299516908212566
"frozenset({'DULOXETINE', 'BACLOFEN'})",frozenset({'Suicidal ideation'}),5,0.0008383635144198525,0.2272727272727273,48.409090909090914
"frozenset({'ZOLPIDEM', 'PRAMIPEXOLE'})",frozenset({'Condition aggravated'}),5,0.0008383635144198525,0.2631578947368421,20.38277511961722
"frozenset({'VALPROIC ACID', 'DIAZEPAM'})",frozenset({'Drug ineffective'}),5,0.0008383635144198525,0.13157894736842105,1.8954996186117468
"frozenset({'CLOBAZAM', 'MELATONIN'})",frozenset({'Off label use'}),5,0.0008383635144198525,0.13157894736842105,3.325156110615522
"frozenset({'CLOBAZAM', 'MELATONIN'})",frozenset({'Drug ineffective'}),5,0.0008383635144198525,0.13157894736842105,1.8954996186117468
"frozenset({'VALPROIC ACID', 'RISPERIDONE'})",frozenset({'Neuroleptic malignant syndrome'}),5,0.0008383635144198525,0.11111111111111112,50.97435897435898
"frozenset({'PREDNISOLONE', 'LEVETIRACETAM'})",frozenset({'Hepatic cytolysis'}),5,0.0008383635144198525,0.2173913043478261,64.82608695652175
"frozenset({'TOPIRAMATE', 'PHENOBARBITAL'})",frozenset({'Multiple-drug resistance'}),5,0.0008383635144198525,0.2380952380952381,50.714285714285715
"frozenset({'VANCOMYCIN', 'CEFTRIAXONE'})",frozenset({'Drug ineffective'}),5,0.0008383635144198525,0.11363636363636365,1.6370223978919634
"frozenset({'CARBAMAZEPINE', 'LAMOTRIGINE'})",frozenset({'BRASH syndrome'}),5,0.0008383635144198525,0.1388888888888889,165.66666666666666
"frozenset({'LAMOTRIGINE', 'DIAZEPAM'})",frozenset({'Drug reaction with eosinophilia and systemic symptoms'}),5,0.0008383635144198525,0.15625,32.133620689655174
"frozenset({'CARBAMAZEPINE', 'AMITRIPTYLINE'})",frozenset({'Depressed level of consciousness'}),5,0.0008383635144198525,0.12195121951219512,36.36585365853659
"frozenset({'ACYCLOVIR', 'METOCLOPRAMIDE'})",frozenset({'Inappropriate antidiuretic hormone secretion'}),5,0.0008383635144198525,0.2777777777777778,118.33333333333334
"frozenset({'LAMOTRIGINE', 'PRAMIPEXOLE'})",frozenset({'Drug ineffective'}),5,0.0008383635144198525,0.1388888888888889,2.000805152979066
"frozenset({'VALPROIC ACID', 'PREGABALIN'})",frozenset({'Serotonin syndrome'}),5,0.0008383635144198525,0.3125,47.78846153846153
"frozenset({'DULOXETINE', 'ZOPICLONE'})",frozenset({'Suicidal ideation'}),5,0.0008383635144198525,0.17857142857142858,38.035714285714285
"frozenset({'CLOBAZAM', 'BACLOFEN'})",frozenset({'Product prescribing error'}),5,0.0008383635144198525,0.10638297872340426,63.4468085106383
"frozenset({'GABAPENTIN', 'DIAZEPAM'})",frozenset({'Drug ineffective'}),5,0.0008383635144198525,0.1282051282051282,1.8468970642883686
"frozenset({'DULOXETINE', 'RISPERIDONE'})",frozenset({'Encephalopathy'}),5,0.0008383635144198525,0.33333333333333337,142.0
"frozenset({'PHENOBARBITAL', 'BACLOFEN'})",frozenset({'Product prescribing error'}),5,0.0008383635144198525,0.10638297872340426,63.4468085106383
"frozenset({'MELATONIN', 'PHENOBARBITAL'})",frozenset({'Product use issue'}),5,0.0008383635144198525,0.13157894736842105,65.39473684210526
"frozenset({'ACYCLOVIR', 'IBUPROFEN'})",frozenset({'Hepatitis acute'}),5,0.0008383635144198525,0.7142857142857143,532.5
"frozenset({'VALPROIC ACID', 'PHENOBARBITAL'})",frozenset({'Drug ineffective'}),5,0.0008383635144198525,0.2272727272727273,3.2740447957839267
"frozenset({'MYCOPHENOLATE MOFETIL', 'LEVETIRACETAM'})",frozenset({'Venoocclusive liver disease'}),5,0.0008383635144198525,0.3125,372.75
"frozenset({'MELATONIN', 'BACLOFEN'})",frozenset({'Drug ineffective'}),5,0.0008383635144198525,0.11627906976744186,1.6750926862150322
"frozenset({'TRIHEXYPHENIDYL', 'AMANTADINE'})",frozenset({'Somnolence'}),5,0.0008383635144198525,0.25,29.235294117647058
"frozenset({'TOPIRAMATE', 'AMITRIPTYLINE'})",frozenset({'Drug ineffective'}),5,0.0008383635144198525,0.19999999999999998,2.881159420289855
"frozenset({'PHENOBARBITAL', 'BACLOFEN'})",frozenset({'Drug dependence'}),5,0.0008383635144198525,0.10638297872340426,28.8394584139265
"frozenset({'GABAPENTIN', 'PHENOBARBITAL'})",frozenset({'Drug dependence'}),5,0.0008383635144198525,0.11111111111111112,30.121212121212125
"frozenset({'VALPROIC ACID', 'RISPERIDONE'})",frozenset({'Drug ineffective'}),5,0.0008383635144198525,0.11111111111111112,1.600644122383253
"frozenset({'MELATONIN', 'PHENOBARBITAL'})",frozenset({'Drug ineffective'}),5,0.0008383635144198525,0.13157894736842105,1.8954996186117468
"frozenset({'GABAPENTIN', 'PHENOBARBITAL'})",frozenset({'Product use issue'}),5,0.0008383635144198525,0.11111111111111112,55.22222222222222
"frozenset({'PREDNISOLONE', 'MELATONIN'})",frozenset({'Epistaxis'}),5,0.0008383635144198525,0.5,596.4
"frozenset({'ZOPICLONE', 'RIZATRIPTAN'})",frozenset({'Dysphonia'}),5,0.0008383635144198525,0.38461538461538464,458.7692307692308
"frozenset({'RISPERIDONE', 'RIVASTIGMINE'})",frozenset({'Parkinsonism'}),5,0.0008383635144198525,0.33333333333333337,90.36363636363637
"frozenset({'PHENOBARBITAL', 'BACLOFEN'})",frozenset({'Product use issue'}),5,0.0008383635144198525,0.10638297872340426,52.87234042553191
"frozenset({'MELATONIN', 'BACLOFEN'})",frozenset({'Product use issue'}),5,0.0008383635144198525,0.11627906976744186,57.7906976744186
"frozenset({'METOCLOPRAMIDE', 'LEVETIRACETAM'})",frozenset({'Rhabdomyolysis'}),4,0.0006706908115358819,0.7999999999999999,530.1333333333333
"frozenset({'LAMOTRIGINE', 'PRAMIPEXOLE'})",frozenset({'Adverse drug reaction'}),4,0.0006706908115358819,0.11111111111111112,73.62962962962963
"frozenset({'CLOBAZAM', 'ZOPICLONE'})",frozenset({'Nausea'}),4,0.0006706908115358819,0.15999999999999998,21.687272727272724
"frozenset({'DIAZEPAM', 'PHENOBARBITAL'})",frozenset({'Hyponatraemia'}),4,0.0006706908115358819,0.3333333333333333,56.8
"frozenset({'PROPRANOLOL', 'ZOPICLONE'})",frozenset({'Nausea'}),4,0.0006706908115358819,0.15999999999999998,21.687272727272724
"frozenset({'CLOBAZAM', 'MELATONIN'})",frozenset({'Product use issue'}),4,0.0006706908115358819,0.10526315789473684,52.315789473684205
"frozenset({'RISPERIDONE', 'PREGABALIN'})",frozenset({'Product prescribing error'}),4,0.0006706908115358819,0.15384615384615383,91.75384615384614
"frozenset({'MELATONIN', 'PHENOBARBITAL'})",frozenset({'Product prescribing error'}),4,0.0006706908115358819,0.10526315789473684,62.77894736842104
"frozenset({'DIAZEPAM', 'ZOPICLONE'})",frozenset({'Cardio-respiratory arrest'}),4,0.0006706908115358819,0.11428571428571428,61.96363636363636
"frozenset({'CANDESARTAN', 'PREDNISOLONE'})",frozenset({'Neutropenia'}),4,0.0006706908115358819,0.26666666666666666,42.983783783783785
"frozenset({'DULOXETINE', 'AMITRIPTYLINE'})",frozenset({'Drug ineffective'}),4,0.0006706908115358819,0.2857142857142857,4.115942028985507
"frozenset({'AMANTADINE', 'PRAMIPEXOLE'})",frozenset({'Somnolence'}),4,0.0006706908115358819,0.13793103448275862,16.129817444219064
"frozenset({'IBUPROFEN', 'CARBAMAZEPINE'})",frozenset({'Aspiration'}),4,0.0006706908115358819,0.3333333333333333,497.0
"frozenset({'ZONISAMIDE', 'CLOBAZAM'})",frozenset({'Foetal exposure during pregnancy'}),4,0.0006706908115358819,0.14285714285714285,22.421052631578945
"frozenset({'ZONISAMIDE', 'CLOBAZAM'})",frozenset({'Drug ineffective'}),4,0.0006706908115358819,0.14285714285714285,2.0579710144927534
"frozenset({'RISPERIDONE', 'RIVASTIGMINE'})",frozenset({'Off label use'}),4,0.0006706908115358819,0.26666666666666666,6.738983050847457
"frozenset({'PHENYTOIN', 'VALPROIC ACID'})",frozenset({'Premature delivery'}),4,0.0006706908115358819,0.11428571428571428,56.79999999999999
"frozenset({'LAMOTRIGINE', 'PRAMIPEXOLE'})",frozenset({'Therapy non-responder'}),4,0.0006706908115358819,0.11111111111111112,8.835555555555555
"frozenset({'CLOBAZAM', 'MELATONIN'})",frozenset({'Product prescribing error'}),4,0.0006706908115358819,0.10526315789473684,62.77894736842104
"frozenset({'METOCLOPRAMIDE', 'ZOPICLONE'})",frozenset({'Drug ineffective'}),4,0.0006706908115358819,0.36363636363636365,5.238471673254282
"frozenset({'LAMOTRIGINE', 'DIAZEPAM'})",frozenset({'Intestinal obstruction'}),4,0.0006706908115358819,0.125,106.5
"frozenset({'LAMOTRIGINE', 'ZONISAMIDE'})",frozenset({'Maternal death'}),4,0.0006706908115358819,0.13793103448275862,91.40229885057472
"frozenset({'VALPROIC ACID', 'GABAPENTIN'})",frozenset({'Oxygen saturation decreased'}),4,0.0006706908115358819,0.16666666666666666,90.36363636363636
"frozenset({'GABAPENTIN', 'VANCOMYCIN'})",frozenset({'Diarrhoea'}),4,0.0006706908115358819,0.4444444444444445,106.02666666666667
"frozenset({'GABAPENTIN', 'OXCARBAZEPINE'})",frozenset({'Drug ineffective'}),4,0.0006706908115358819,0.30769230769230765,4.432552954292085
"frozenset({'TOPIRAMATE', 'OXCARBAZEPINE'})",frozenset({'Drug ineffective'}),4,0.0006706908115358819,0.13793103448275862,1.9870064967516243
"frozenset({'PHENYTOIN', 'ZOPICLONE'})",frozenset({'Drug ineffective'}),4,0.0006706908115358819,0.4444444444444445,6.402576489533012
"frozenset({'IBUPROFEN', 'ZOPICLONE'})",frozenset({'Drug ineffective'}),4,0.0006706908115358819,0.30769230769230765,4.432552954292085
"frozenset({'GABAPENTIN', 'ZOPICLONE'})",frozenset({'Drug ineffective'}),4,0.0006706908115358819,0.13333333333333333,1.9207729468599035
"frozenset({'PREDNISOLONE', 'RITUXIMAB'})",frozenset({'Drug reaction with eosinophilia and systemic symptoms'}),4,0.0006706908115358819,0.23529411764705882,48.3894523326572
"frozenset({'AZATHIOPRINE', 'RITUXIMAB'})",frozenset({'Product use in unapproved indication'}),4,0.0006706908115358819,0.5714285714285714,48.0
"frozenset({'LAMOTRIGINE', 'ZONISAMIDE'})",frozenset({'Drug ineffective'}),4,0.0006706908115358819,0.13793103448275862,1.9870064967516243
"frozenset({'OXCARBAZEPINE', 'PREGABALIN'})",frozenset({'Drug ineffective'}),4,0.0006706908115358819,0.14814814814814814,2.1341921631776706
"frozenset({'CARBAMAZEPINE', 'DIAZEPAM'})",frozenset({'Restlessness'}),4,0.0006706908115358819,0.14814814814814814,147.25925925925924
"frozenset({'PHENYTOIN', 'CARBAMAZEPINE'})",frozenset({'Drug ineffective'}),4,0.0006706908115358819,0.11428571428571428,1.646376811594203
"frozenset({'TRIHEXYPHENIDYL', 'PRAMIPEXOLE'})",frozenset({'Somnolence'}),4,0.0006706908115358819,0.26666666666666666,31.184313725490195
"frozenset({'FINGOLIMOD', 'TERIFLUNOMIDE'})",frozenset({'Non-small cell lung cancer'}),4,0.0006706908115358819,0.36363636363636365,542.1818181818182
"frozenset({'ZOPICLONE', 'PREGABALIN'})",frozenset({'Fall'}),4,0.0006706908115358819,0.10526315789473684,11.845084409136046
"frozenset({'CANDESARTAN', 'CEFTRIAXONE'})",frozenset({'Cholestasis'}),4,0.0006706908115358819,0.5714285714285714,309.8181818181818
"frozenset({'VANCOMYCIN', 'LEVETIRACETAM'})",frozenset({'Linear IgA disease'}),4,0.0006706908115358819,1.0,1192.8
"frozenset({'MELATONIN', 'PREGABALIN'})",frozenset({'Mitral valve disease'}),4,0.0006706908115358819,0.30769230769230765,183.50769230769228
"frozenset({'TOPIRAMATE', 'PHENOBARBITAL'})",frozenset({'Hyponatraemia'}),4,0.0006706908115358819,0.19047619047619047,32.457142857142856
"frozenset({'CARBAMAZEPINE', 'LAMOTRIGINE'})",frozenset({'Drug ineffective'}),4,0.0006706908115358819,0.11111111111111112,1.600644122383253
"frozenset({'MYCOPHENOLATE MOFETIL', 'LEVETIRACETAM'})",frozenset({'Adenovirus infection'}),4,0.0006706908115358819,0.25,298.2
"frozenset({'ACYCLOVIR', 'CEFTRIAXONE'})",frozenset({'Drug ineffective'}),4,0.0006706908115358819,0.21052631578947367,3.032799389778795
"frozenset({'CARBAMAZEPINE', 'LACOSAMIDE'})",frozenset({'Drug reaction with eosinophilia and systemic symptoms'}),4,0.0006706908115358819,0.12121212121212122,24.927899686520377
"frozenset({'TOPIRAMATE', 'PROPRANOLOL'})",frozenset({'Diffuse axonal injury'}),4,0.0006706908115358819,0.21052631578947367,313.89473684210526
"frozenset({'MELATONIN', 'PHENOBARBITAL'})",frozenset({'Respiratory depression'}),4,0.0006706908115358819,0.10526315789473684,78.47368421052632
"frozenset({'CLOBAZAM', 'MELATONIN'})",frozenset({'Respiratory depression'}),4,0.0006706908115358819,0.10526315789473684,78.47368421052632
"frozenset({'DIAZEPAM', 'ZOPICLONE'})",frozenset({'Fall'}),4,0.0006706908115358819,0.11428571428571428,12.860377358490565
"frozenset({'DIAZEPAM', 'MELATONIN'})",frozenset({'Restlessness'}),4,0.0006706908115358819,0.2857142857142857,283.99999999999994
"frozenset({'MELATONIN', 'PHENOBARBITAL'})",frozenset({'Off label use'}),4,0.0006706908115358819,0.10526315789473684,2.660124888492417
"frozenset({'DULOXETINE', 'ZOPICLONE'})",frozenset({'Overdose'}),4,0.0006706908115358819,0.14285714285714285,28.4
"frozenset({'PROPRANOLOL', 'ZOPICLONE'})",frozenset({'Diffuse axonal injury'}),4,0.0006706908115358819,0.15999999999999998,238.55999999999997
"frozenset({'ZOPICLONE', 'ZOLMITRIPTAN'})",frozenset({'Aortic valve disease'}),4,0.0006706908115358819,0.15999999999999998,238.55999999999997
"frozenset({'VALPROIC ACID', 'HALOPERIDOL'})",frozenset({'Drug ineffective'}),4,0.0006706908115358819,0.18181818181818182,2.619235836627141
"frozenset({'VALPROIC ACID', 'ZOPICLONE'})",frozenset({'Intentional product misuse'}),4,0.0006706908115358819,0.19999999999999998,70.16470588235293
"frozenset({'DIAZEPAM', 'ZOPICLONE'})",frozenset({'Enuresis'}),4,0.0006706908115358819,0.11428571428571428,170.4
"frozenset({'CARBAMAZEPINE', 'MELATONIN'})",frozenset({'Restlessness'}),4,0.0006706908115358819,0.6666666666666666,662.6666666666666
"frozenset({'CLOBAZAM', 'MELATONIN'})",frozenset({'Victim of child abuse'}),4,0.0006706908115358819,0.10526315789473684,156.94736842105263
"frozenset({'LAMOTRIGINE', 'MELATONIN'})",frozenset({'Deep vein thrombosis'}),4,0.0006706908115358819,0.11764705882352941,140.32941176470587
"frozenset({'IBUPROFEN', 'PREGABALIN'})",frozenset({'Drug ineffective'}),4,0.0006706908115358819,0.26666666666666666,3.841545893719807
"frozenset({'ZOLPIDEM', 'PRAMIPEXOLE'})",frozenset({'Suicide attempt'}),4,0.0006706908115358819,0.21052631578947367,39.23684210526316
"frozenset({'DIAZEPAM', 'ZOLPIDEM'})",frozenset({'Cardio-respiratory arrest'}),4,0.0006706908115358819,0.26666666666666666,144.5818181818182
"frozenset({'ZOPICLONE', 'PREGABALIN'})",frozenset({'Coma'}),4,0.0006706908115358819,0.10526315789473684,39.23684210526316
"frozenset({'LAMOTRIGINE', 'ZOPICLONE'})",frozenset({'Basilar artery occlusion'}),4,0.0006706908115358819,0.10256410256410256,152.92307692307693
"frozenset({'TOPIRAMATE', 'ZOPICLONE'})",frozenset({'Diffuse axonal injury'}),4,0.0006706908115358819,0.5714285714285714,852.0
"frozenset({'VALPROIC ACID', 'DIAZEPAM'})",frozenset({'Catatonia'}),4,0.0006706908115358819,0.10526315789473684,156.94736842105263
"frozenset({'ZOPICLONE', 'PREGABALIN'})",frozenset({'Pancreatitis'}),4,0.0006706908115358819,0.10526315789473684,62.77894736842104
"frozenset({'MELATONIN', 'PHENOBARBITAL'})",frozenset({'Victim of child abuse'}),4,0.0006706908115358819,0.10526315789473684,156.94736842105263
"frozenset({'LAMOTRIGINE', 'DIAZEPAM'})",frozenset({'Cardio-respiratory arrest'}),4,0.0006706908115358819,0.125,67.77272727272727
"frozenset({'CLOBAZAM', 'PROPRANOLOL'})",frozenset({'Nausea'}),4,0.0006706908115358819,0.26666666666666666,36.14545454545455
"frozenset({'LAMOTRIGINE', 'ZOPICLONE'})",frozenset({'Intentional product misuse'}),4,0.0006706908115358819,0.10256410256410256,35.98190045248869
"frozenset({'PHENYTOIN', 'VALPROIC ACID'})",frozenset({'Status epilepticus'}),4,0.0006706908115358819,0.11428571428571428,35.873684210526314
"frozenset({'PREDNISOLONE', 'LEVETIRACETAM'})",frozenset({'Thrombocytopenia'}),4,0.0006706908115358819,0.17391304347826086,35.76611694152923
"frozenset({'CARBAMAZEPINE', 'CLOBAZAM'})",frozenset({'Drug ineffective'}),4,0.0006706908115358819,0.15999999999999998,2.304927536231884
"frozenset({'GABAPENTIN', 'LACOSAMIDE'})",frozenset({'Drug reaction with eosinophilia and systemic symptoms'}),4,0.0006706908115358819,0.17391304347826086,35.76611694152923
"frozenset({'PREDNISOLONE', 'PREGABALIN'})",frozenset({'Oxygen saturation decreased'}),3,0.0005030181086519115,0.13043478260869568,70.71936758893281
"frozenset({'TRIHEXYPHENIDYL', 'PRAMIPEXOLE'})",frozenset({'Dizziness'}),3,0.0005030181086519115,0.2,66.26666666666668
"frozenset({'TRIHEXYPHENIDYL', 'HALOPERIDOL'})",frozenset({'Intentional overdose'}),3,0.0005030181086519115,0.17647058823529413,65.77941176470588
"frozenset({'GABAPENTIN', 'LACOSAMIDE'})",frozenset({'Oxygen saturation decreased'}),3,0.0005030181086519115,0.13043478260869568,70.71936758893281
"frozenset({'ACYCLOVIR', 'AMANTADINE'})",frozenset({'Drug ineffective'}),3,0.0005030181086519115,1.0,14.405797101449275
"frozenset({'DULOXETINE', 'AMITRIPTYLINE'})",frozenset({'Dizziness'}),3,0.0005030181086519115,0.2142857142857143,71.00000000000001
"frozenset({'METOCLOPRAMIDE', 'PREGABALIN'})",frozenset({'Gamma-glutamyltransferase increased'}),3,0.0005030181086519115,0.6,596.4
"frozenset({'ACYCLOVIR', 'VANCOMYCIN'})",frozenset({'Therapy non-responder'}),3,0.0005030181086519115,0.18750000000000003,14.910000000000002
"frozenset({'DIAZEPAM', 'METHYLPHENIDATE'})",frozenset({'Platelet count decreased'}),3,0.0005030181086519115,0.33333333333333337,248.50000000000003
"frozenset({'ACYCLOVIR', 'GABAPENTIN'})",frozenset({'Acute kidney injury'}),3,0.0005030181086519115,0.37500000000000006,62.125000000000014
"frozenset({'DIAZEPAM', 'BACLOFEN'})",frozenset({'Depressed level of consciousness'}),3,0.0005030181086519115,0.10344827586206898,30.848275862068967
"frozenset({'DIAZEPAM', 'PREGABALIN'})",frozenset({'Anxiety'}),3,0.0005030181086519115,0.10714285714285715,37.58823529411765
"frozenset({'DULOXETINE', 'BACLOFEN'})",frozenset({'Ischaemic stroke'}),3,0.0005030181086519115,0.13636363636363638,33.88636363636364
"frozenset({'ZOLPIDEM', 'PRAMIPEXOLE'})",frozenset({'Suicidal ideation'}),3,0.0005030181086519115,0.15789473684210525,33.63157894736842
"frozenset({'ZOLPIDEM', 'TIZANIDINE'})",frozenset({'Pancreatitis necrotising'}),3,0.0005030181086519115,0.7500000000000001,894.6000000000001
"frozenset({'TOPIRAMATE', 'ZONISAMIDE'})",frozenset({'Acute kidney injury'}),3,0.0005030181086519115,0.14285714285714288,23.66666666666667
"frozenset({'LAMOTRIGINE', 'BACLOFEN'})",frozenset({'Immune thrombocytopenia'}),3,0.0005030181086519115,0.7500000000000001,1491.0
"frozenset({'CARBAMAZEPINE', 'BACLOFEN'})",frozenset({'Fall'}),3,0.0005030181086519115,0.27272727272727276,30.689536878216128
"frozenset({'PREDNISOLONE', 'LEVETIRACETAM'})",frozenset({'Anaemia'}),3,0.0005030181086519115,0.13043478260869568,38.89565217391305
"frozenset({'DIAZEPAM', 'LEVETIRACETAM'})",frozenset({'Therapy non-responder'}),3,0.0005030181086519115,0.37500000000000006,29.820000000000004
"frozenset({'TOPIRAMATE', 'MEMANTINE'})",frozenset({'Somnolence'}),3,0.0005030181086519115,0.25,29.235294117647058
"frozenset({'VALPROIC ACID', 'PHENOBARBITAL'})",frozenset({'Multiple-drug resistance'}),3,0.0005030181086519115,0.13636363636363638,29.04545454545455
"frozenset({'NAPROXEN', 'LAMOTRIGINE'})",frozenset({'Vomiting'}),3,0.0005030181086519115,0.15,28.85806451612903
"frozenset({'CEFTRIAXONE', 'LEVETIRACETAM'})",frozenset({'Neutropenia'}),3,0.0005030181086519115,0.16666666666666669,26.86486486486487
"frozenset({'AMITRIPTYLINE', 'GALANTAMINE'})",frozenset({'Fall'}),3,0.0005030181086519115,0.23076923076923078,25.968069666182874
"frozenset({'NAPROXEN', 'LAMOTRIGINE'})",frozenset({'Drug intolerance'}),3,0.0005030181086519115,0.15,22.938461538461535
"frozenset({'CLOBAZAM', 'RISPERIDONE'})",frozenset({'Somnolence'}),3,0.0005030181086519115,0.33333333333333337,38.98039215686275
"frozenset({'DOMPERIDONE', 'TOPIRAMATE'})",frozenset({'Drug intolerance'}),3,0.0005030181086519115,0.10714285714285715,16.384615384615383
"frozenset({'CARBAMAZEPINE', 'RISPERIDONE'})",frozenset({'Thrombocytopenia'}),3,0.0005030181086519115,0.23076923076923078,47.45888594164457
"frozenset({'CARBAMAZEPINE', 'HALOPERIDOL'})",frozenset({'Hypokalaemia'}),3,0.0005030181086519115,0.16666666666666669,58.47058823529412
"frozenset({'AMITRIPTYLINE', 'ZOPICLONE'})",frozenset({'Poisoning'}),3,0.0005030181086519115,0.5,745.5
"frozenset({'PROPRANOLOL', 'ZOPICLONE'})",frozenset({'Disease recurrence'}),3,0.0005030181086519115,0.12,55.052307692307686
"frozenset({'GABAPENTIN', 'ZOPICLONE'})",frozenset({'COVID-19'}),3,0.0005030181086519115,0.1,19.238709677419354
"frozenset({'TRIHEXYPHENIDYL', 'DIAZEPAM'})",frozenset({'Intentional overdose'}),3,0.0005030181086519115,0.13636363636363638,50.82954545454546
"frozenset({'DOMPERIDONE', 'TOPIRAMATE'})",frozenset({'Vomiting'}),3,0.0005030181086519115,0.10714285714285715,20.612903225806452
"frozenset({'AMANTADINE', 'PRAMIPEXOLE'})",frozenset({'Dyskinesia'}),3,0.0005030181086519115,0.10344827586206898,44.06896551724138
"frozenset({'DULOXETINE', 'LEVETIRACETAM'})",frozenset({'Hyponatraemia'}),3,0.0005030181086519115,0.23076923076923078,39.323076923076925
"frozenset({'IBUPROFEN', 'ZOPICLONE'})",frozenset({'Suicide attempt'}),3,0.0005030181086519115,0.23076923076923078,43.00961538461539
"frozenset({'CYCLOSPORINE', 'ALEMTUZUMAB'})",frozenset({'Product use in unapproved indication'}),3,0.0005030181086519115,0.5,42.0
"frozenset({'CANDESARTAN', 'PROPRANOLOL'})",frozenset({'Organising pneumonia'}),3,0.0005030181086519115,0.7500000000000001,745.5
"frozenset({'RISPERIDONE', 'RIVASTIGMINE'})",frozenset({'Drug ineffective for unapproved indication'}),3,0.0005030181086519115,0.2,22.505660377358492
"frozenset({'TOPIRAMATE', 'ZOPICLONE'})",frozenset({'White matter lesion'}),3,0.0005030181086519115,0.4285714285714286,852.0
"frozenset({'DIAZEPAM', 'HALOPERIDOL'})",frozenset({'Intentional overdose'}),3,0.0005030181086519115,0.10714285714285715,39.93750000000001
"frozenset({'CANDESARTAN', 'PRAMIPEXOLE'})",frozenset({'Hyperthyroidism'}),3,0.0005030181086519115,0.3,596.4
"frozenset({'NAPROXEN', 'LAMOTRIGINE'})",frozenset({'Blepharospasm'}),3,0.0005030181086519115,0.15,81.32727272727273
"frozenset({'NAPROXEN', 'IBUPROFEN'})",frozenset({'Gastric ulcer perforation'}),3,0.0005030181086519115,0.3,596.4
"frozenset({'LACOSAMIDE', 'PREGABALIN'})",frozenset({'Asthenia'}),3,0.0005030181086519115,0.25,106.5
"frozenset({'VALPROIC ACID', 'AMITRIPTYLINE'})",frozenset({'Drug ineffective'}),3,0.0005030181086519115,0.25,3.601449275362319
"frozenset({'DULOXETINE', 'MELATONIN'})",frozenset({'Mitral valve disease'}),3,0.0005030181086519115,0.6,357.84
"frozenset({'AMITRIPTYLINE', 'HALOPERIDOL'})",frozenset({'Dyskinesia'}),3,0.0005030181086519115,0.33333333333333337,142.0
"frozenset({'IBUPROFEN', 'LEVETIRACETAM'})",frozenset({'Drug ineffective'}),3,0.0005030181086519115,0.27272727272727276,3.9288537549407123
"frozenset({'MYCOPHENOLATE MOFETIL', 'LEVETIRACETAM'})",frozenset({'Hypermetabolism'}),3,0.0005030181086519115,0.18750000000000003,372.75
"frozenset({'MYCOPHENOLATE MOFETIL', 'LEVETIRACETAM'})",frozenset({'Serratia sepsis'}),3,0.0005030181086519115,0.18750000000000003,372.75
"frozenset({'TOPIRAMATE', 'PROPRANOLOL'})",frozenset({'Off label use'}),3,0.0005030181086519115,0.15789473684210525,3.990187332738626
"frozenset({'RISPERIDONE', 'MELATONIN'})",frozenset({'Platelet count decreased'}),3,0.0005030181086519115,0.5,372.75
"frozenset({'ZOLPIDEM', 'ZOPICLONE'})",frozenset({'Pneumonia aspiration'}),3,0.0005030181086519115,1.0,372.75
"frozenset({'GABAPENTIN', 'LAMOTRIGINE'})",frozenset({'Drug ineffective'}),3,0.0005030181086519115,0.3,4.321739130434783
"frozenset({'DULOXETINE', 'HALOPERIDOL'})",frozenset({'Dyskinesia'}),3,0.0005030181086519115,0.3,127.8
"frozenset({'TOPIRAMATE', 'PREGABALIN'})",frozenset({'Drug ineffective'}),3,0.0005030181086519115,0.3,4.321739130434783
"frozenset({'ACYCLOVIR', 'VANCOMYCIN'})",frozenset({'Toxic epidermal necrolysis'}),3,0.0005030181086519115,0.18750000000000003,74.55000000000001
"frozenset({'OXCARBAZEPINE', 'PHENOBARBITAL'})",frozenset({'Dysarthria'}),3,0.0005030181086519115,0.16666666666666669,124.25000000000001
"frozenset({'VALPROIC ACID', 'HALOPERIDOL'})",frozenset({'Choking'}),3,0.0005030181086519115,0.13636363636363638,116.1818181818182
"frozenset({'CANDESARTAN', 'TOPIRAMATE'})",frozenset({'Off label use'}),3,0.0005030181086519115,0.17647058823529413,4.459621136590229
"frozenset({'ACYCLOVIR', 'PREDNISOLONE'})",frozenset({'Off label use'}),3,0.0005030181086519115,0.18750000000000003,4.738347457627119
"frozenset({'MYCOPHENOLATE MOFETIL', 'PYRIDOSTIGMINE'})",frozenset({'Drug ineffective'}),3,0.0005030181086519115,0.37500000000000006,5.402173913043479
"frozenset({'GABAPENTIN', 'NORTRIPTYLINE'})",frozenset({'Drug ineffective'}),3,0.0005030181086519115,0.37500000000000006,5.402173913043479
"frozenset({'ZOPICLONE', 'BACLOFEN'})",frozenset({'Hemiplegia'}),3,0.0005030181086519115,0.13043478260869568,155.5826086956522
"frozenset({'DIAZEPAM', 'MELATONIN'})",frozenset({'Platelet count decreased'}),3,0.0005030181086519115,0.2142857142857143,159.75000000000003
"frozenset({'AMPHOTERICIN B', 'MYCOPHENOLATE MOFETIL'})",frozenset({'Cerebral infarction'}),3,0.0005030181086519115,0.13636363636363638,162.65454545454546
"frozenset({'PHENYTOIN', 'PHENOBARBITAL'})",frozenset({'Electrolyte imbalance'}),3,0.0005030181086519115,0.17647058823529413,210.49411764705883
"frozenset({'CANDESARTAN', 'PREDNISOLONE'})",frozenset({'Nephrotic syndrome'}),3,0.0005030181086519115,0.2,238.56
"frozenset({'CLOBAZAM', 'ZOPICLONE'})",frozenset({'Dilated cardiomyopathy'}),3,0.0005030181086519115,0.12,238.55999999999997
"frozenset({'PROPRANOLOL', 'ZOPICLONE'})",frozenset({'White matter lesion'}),3,0.0005030181086519115,0.12,238.55999999999997
"frozenset({'RISPERIDONE', 'PREGABALIN'})","frozenset({'Hallucination, auditory'})",3,0.0005030181086519115,0.11538461538461539,229.3846153846154
"frozenset({'GABAPENTIN', 'LACOSAMIDE'})",frozenset({'Bicytopenia'}),3,0.0005030181086519115,0.13043478260869568,259.304347826087
"frozenset({'AMANTADINE', 'PRAMIPEXOLE'})",frozenset({'Off label use'}),3,0.0005030181086519115,0.10344827586206898,2.614260666277031
"frozenset({'RISPERIDONE', 'METHYLPHENIDATE'})",frozenset({'Platelet count decreased'}),3,0.0005030181086519115,0.37500000000000006,279.56250000000006
"frozenset({'CANDESARTAN', 'LEVETIRACETAM'})",frozenset({'Hypokalaemia'}),3,0.0005030181086519115,0.6,210.49411764705883
"frozenset({'CARBAMAZEPINE', 'CLOBAZAM'})",frozenset({'Off label use'}),3,0.0005030181086519115,0.12,3.032542372881356
"frozenset({'ZOLPIDEM', 'PRAMIPEXOLE'})",frozenset({'Drug ineffective'}),3,0.0005030181086519115,0.15789473684210525,2.274599542334096
"frozenset({'PREGABALIN', 'TIZANIDINE'})",frozenset({'Myalgia'}),3,0.0005030181086519115,0.2,198.79999999999998
"frozenset({'CANDESARTAN', 'PRAMIPEXOLE'})",frozenset({'Adrenal insufficiency'}),3,0.0005030181086519115,0.3,298.2
"frozenset({'CYCLOSPORINE', 'CEFTRIAXONE'})",frozenset({'Colitis ulcerative'}),3,0.0005030181086519115,0.4285714285714286,170.4
"frozenset({'TOPIRAMATE', 'PROPRANOLOL'})",frozenset({'White matter lesion'}),3,0.0005030181086519115,0.15789473684210525,313.8947368421052
"frozenset({'TOPIRAMATE', 'SUMATRIPTAN'})",frozenset({'Disturbance in attention'}),3,0.0005030181086519115,0.25,165.66666666666669
"frozenset({'GABAPENTIN', 'RISPERIDONE'})",frozenset({'Off label use'}),3,0.0005030181086519115,0.13636363636363638,3.4460708782742686
"frozenset({'GABAPENTIN', 'MYCOPHENOLATE MOFETIL'})",frozenset({'Therapy partial responder'}),3,0.0005030181086519115,1.0,313.89473684210526
"frozenset({'LACOSAMIDE', 'PREGABALIN'})",frozenset({'Drug ineffective'}),3,0.0005030181086519115,0.25,3.601449275362319
"frozenset({'CANDESARTAN', 'ZOPICLONE'})",frozenset({'Ischaemic stroke'}),3,0.0005030181086519115,0.4285714285714286,106.5
"frozenset({'CARBAMAZEPINE', 'GALANTAMINE'})",frozenset({'Balance disorder'}),3,0.0005030181086519115,0.16666666666666669,124.25000000000001
"frozenset({'NAPROXEN', 'LAMOTRIGINE'})",frozenset({'Gastrooesophageal reflux disease'}),3,0.0005030181086519115,0.15,99.4
"frozenset({'ACYCLOVIR', 'PHENOBARBITAL'})",frozenset({'Therapy non-responder'}),3,0.0005030181086519115,1.0,79.52
"frozenset({'ZOLPIDEM', 'PRAMIPEXOLE'})",frozenset({'Therapy non-responder'}),3,0.0005030181086519115,0.15789473684210525,12.555789473684209
"frozenset({'ZOPICLONE', 'ZOLMITRIPTAN'})",frozenset({'Product use in unapproved indication'}),3,0.0005030181086519115,0.12,10.08
"frozenset({'ZONISAMIDE', 'LEVETIRACETAM'})",frozenset({'Therapy non-responder'}),3,0.0005030181086519115,0.11111111111111112,8.835555555555555
"frozenset({'GABAPENTIN', 'LACOSAMIDE'})",frozenset({'Drug ineffective'}),3,0.0005030181086519115,0.13043478260869568,1.8790170132325146
"frozenset({'GABAPENTIN', 'PROPRANOLOL'})",frozenset({'Encephalopathy'}),3,0.0005030181086519115,0.2142857142857143,91.28571428571429
"frozenset({'MELATONIN', 'METHYLPHENIDATE'})",frozenset({'Platelet count decreased'}),3,0.0005030181086519115,0.7500000000000001,559.1250000000001
"frozenset({'GABAPENTIN', 'TOPIRAMATE'})",frozenset({'Bicytopenia'}),3,0.0005030181086519115,0.25,496.99999999999994
"frozenset({'VANCOMYCIN', 'PHENOBARBITAL'})",frozenset({'Therapy non-responder'}),3,0.0005030181086519115,1.0,79.52
"frozenset({'RASAGILINE', 'PRAMIPEXOLE'})","frozenset({'Delusional disorder, persecutory type'})",3,0.0005030181086519115,0.23076923076923078,458.7692307692308
"frozenset({'METHYLPHENIDATE', 'BACLOFEN'})",frozenset({'Serotonin syndrome'}),3,0.0005030181086519115,0.5,76.46153846153845
"frozenset({'AMANTADINE', 'CEFTRIAXONE'})",frozenset({'Drug ineffective'}),3,0.0005030181086519115,1.0,14.405797101449275
"frozenset({'GABAPENTIN', 'ZOPICLONE'})",frozenset({'Toxic skin eruption'}),3,0.0005030181086519115,0.1,85.2
"frozenset({'VALPROIC ACID', 'CARBAMAZEPINE'})",frozenset({'Drug ineffective'}),3,0.0005030181086519115,0.13043478260869568,1.8790170132325146
"frozenset({'LAMOTRIGINE', 'PHENOBARBITAL'})",frozenset({'Seizure'}),3,0.0005030181086519115,0.6,94.16842105263157
"frozenset({'TOPIRAMATE', 'MEMANTINE'})",frozenset({'Drug ineffective'}),2,0.00033534540576794097,0.16666666666666666,2.4009661835748792
"frozenset({'CYCLOSPORINE', 'CEFTRIAXONE'})",frozenset({'Product use in unapproved indication'}),2,0.00033534540576794097,0.2857142857142857,24.0
"frozenset({'VALPROIC ACID', 'PREGABALIN'})",frozenset({'Drug ineffective'}),2,0.00033534540576794097,0.125,1.8007246376811594
"frozenset({'PYRIDOSTIGMINE', 'AZATHIOPRINE'})",frozenset({'Drug ineffective'}),2,0.00033534540576794097,0.39999999999999997,5.76231884057971
"frozenset({'LAMOTRIGINE', 'HALOPERIDOL'})",frozenset({'Drug ineffective'}),2,0.00033534540576794097,0.18181818181818182,2.619235836627141
"frozenset({'IBUPROFEN', 'DULOXETINE'})",frozenset({'Drug ineffective'}),2,0.00033534540576794097,0.25,3.601449275362319
"frozenset({'ZOPICLONE', 'RIZATRIPTAN'})",frozenset({'Drug intolerance'}),2,0.00033534540576794097,0.15384615384615383,23.52662721893491
"frozenset({'CANDESARTAN', 'TOPIRAMATE'})",frozenset({'Therapeutic product effect incomplete'}),2,0.00033534540576794097,0.11764705882352941,23.388235294117646
"frozenset({'DIAZEPAM', 'LEVETIRACETAM'})",frozenset({'Drug ineffective'}),2,0.00033534540576794097,0.25,3.601449275362319
"frozenset({'ACYCLOVIR', 'PREGABALIN'})",frozenset({'Drug ineffective'}),2,0.00033534540576794097,0.22222222222222224,3.201288244766506
"frozenset({'CANDESARTAN', 'CYCLOSPORINE'})",frozenset({'Neutropenia'}),2,0.00033534540576794097,0.15384615384615383,24.7983367983368
"frozenset({'RISPERIDONE', 'LEVETIRACETAM'})",frozenset({'Drug ineffective'}),2,0.00033534540576794097,0.22222222222222224,3.201288244766506
"frozenset({'LAMOTRIGINE', 'HALOPERIDOL'})",frozenset({'Condition aggravated'}),2,0.00033534540576794097,0.18181818181818182,14.082644628099173
"frozenset({'OXCARBAZEPINE', 'PHENOBARBITAL'})",frozenset({'Drug ineffective'}),2,0.00033534540576794097,0.11111111111111112,1.600644122383253
"frozenset({'ZOLPIDEM', 'AMANTADINE'})",frozenset({'Off label use'}),2,0.00033534540576794097,1.0,25.271186440677965
"frozenset({'BENZTROPINE', 'ZOPICLONE'})",frozenset({'Drug ineffective'}),2,0.00033534540576794097,1.0,14.405797101449275
"frozenset({'LACOSAMIDE', 'RISPERIDONE'})",frozenset({'Drug ineffective'}),2,0.00033534540576794097,1.0,14.405797101449275
"frozenset({'CANDESARTAN', 'TOPIRAMATE'})",frozenset({'Drug ineffective'}),2,0.00033534540576794097,0.11764705882352941,1.6947996589940324
"frozenset({'CARBAMAZEPINE', 'PHENOBARBITAL'})",frozenset({'Drug interaction'}),2,0.00033534540576794097,0.10526315789473684,14.599755201958383
"frozenset({'RISPERIDONE', 'MEMANTINE'})",frozenset({'Drug ineffective'}),2,0.00033534540576794097,0.19999999999999998,2.881159420289855
"frozenset({'CARBAMAZEPINE', 'TOPIRAMATE'})",frozenset({'Drug ineffective'}),2,0.00033534540576794097,0.11764705882352941,1.6947996589940324
"frozenset({'PREGABALIN', 'TIZANIDINE'})",frozenset({'Condition aggravated'}),2,0.00033534540576794097,0.13333333333333333,10.327272727272726
"frozenset({'GABAPENTIN', 'TOPIRAMATE'})",frozenset({'Drug ineffective'}),2,0.00033534540576794097,0.16666666666666666,2.4009661835748792
"frozenset({'DULOXETINE', 'AMANTADINE'})",frozenset({'Off label use'}),2,0.00033534540576794097,0.11764705882352941,2.9730807577268195
"frozenset({'PHENYTOIN', 'PHENOBARBITAL'})",frozenset({'Off label use'}),2,0.00033534540576794097,0.11764705882352941,2.9730807577268195
"frozenset({'CARBAMAZEPINE', 'TOPIRAMATE'})",frozenset({'Off label use'}),2,0.00033534540576794097,0.11764705882352941,2.9730807577268195
"frozenset({'OXCARBAZEPINE', 'NORTRIPTYLINE'})",frozenset({'Drug ineffective'}),2,0.00033534540576794097,0.6666666666666666,9.603864734299517
"frozenset({'VALPROIC ACID', 'PROPRANOLOL'})",frozenset({'Drug ineffective'}),2,0.00033534540576794097,0.6666666666666666,9.603864734299517
"frozenset({'PHENYTOIN', 'OXCARBAZEPINE'})",frozenset({'Drug ineffective'}),2,0.00033534540576794097,0.15384615384615383,2.2162764771460424
"frozenset({'DULOXETINE', 'AMANTADINE'})",frozenset({'Drug interaction'}),2,0.00033534540576794097,0.11764705882352941,16.317373461012313
"frozenset({'NORTRIPTYLINE', 'BACLOFEN'})",frozenset({'Drug ineffective'}),2,0.00033534540576794097,0.6666666666666666,9.603864734299517
"frozenset({'ZOPICLONE', 'RIZATRIPTAN'})",frozenset({'Drug ineffective for unapproved indication'}),2,0.00033534540576794097,0.15384615384615383,17.31204644412191
"frozenset({'ACYCLOVIR', 'CEFTRIAXONE'})",frozenset({'Acute kidney injury'}),2,0.00033534540576794097,0.10526315789473684,17.438596491228072
"frozenset({'PHENYTOIN', 'PHENOBARBITAL'})",frozenset({'Drug ineffective'}),2,0.00033534540576794097,0.11764705882352941,1.6947996589940324
"frozenset({'IBUPROFEN', 'CANDESARTAN'})",frozenset({'Product use in unapproved indication'}),2,0.00033534540576794097,0.25,21.0
"frozenset({'DULOXETINE', 'RISPERIDONE'})",frozenset({'Treatment failure'}),2,0.00033534540576794097,0.13333333333333333,20.926315789473684
"frozenset({'CARBAMAZEPINE', 'PHENOBARBITAL'})",frozenset({'Overdose'}),2,0.00033534540576794097,0.10526315789473684,20.926315789473684
"frozenset({'ACYCLOVIR', 'VANCOMYCIN'})",frozenset({'Acute kidney injury'}),2,0.00033534540576794097,0.125,20.708333333333336
"frozenset({'VALPROIC ACID', 'ZONISAMIDE'})",frozenset({'Drug ineffective'}),2,0.00033534540576794097,0.14285714285714285,2.0579710144927534
"frozenset({'LAMOTRIGINE', 'DOMPERIDONE'})",frozenset({'Product use in unapproved indication'}),2,0.00033534540576794097,0.22222222222222224,18.666666666666668
"frozenset({'CANDESARTAN', 'PREDNISOLONE'})",frozenset({'Drug ineffective'}),2,0.00033534540576794097,0.13333333333333333,1.9207729468599035
"frozenset({'TRIHEXYPHENIDYL', 'RISPERIDONE'})",frozenset({'Suicide attempt'}),2,0.00033534540576794097,0.11111111111111112,20.708333333333336
"frozenset({'ZOLPIDEM', 'MEMANTINE'})",frozenset({'Off label use'}),2,0.00033534540576794097,1.0,25.271186440677965
"frozenset({'RISPERIDONE', 'RIVASTIGMINE'})",frozenset({'Drug ineffective'}),2,0.00033534540576794097,0.13333333333333333,1.9207729468599035
"frozenset({'GABAPENTIN', 'HALOPERIDOL'})",frozenset({'Off label use'}),2,0.00033534540576794097,0.19999999999999998,5.054237288135592
"frozenset({'CARBAMAZEPINE', 'ZOPICLONE'})",frozenset({'Drug ineffective'}),2,0.00033534540576794097,0.39999999999999997,5.76231884057971
"frozenset({'DIAZEPAM', 'LACOSAMIDE'})",frozenset({'Drug ineffective'}),2,0.00033534540576794097,0.5,7.202898550724638
"frozenset({'LAMOTRIGINE', 'ETHOSUXIMIDE'})",frozenset({'Off label use'}),2,0.00033534540576794097,0.6666666666666666,16.847457627118644
"frozenset({'TRIHEXYPHENIDYL', 'HALOPERIDOL'})",frozenset({'Suicide attempt'}),2,0.00033534540576794097,0.11764705882352941,21.926470588235293
"frozenset({'ACYCLOVIR', 'MYCOPHENOLATE MOFETIL'})",frozenset({'Off label use'}),2,0.00033534540576794097,0.14285714285714285,3.6101694915254234
"frozenset({'ACYCLOVIR', 'LEVETIRACETAM'})",frozenset({'Drug ineffective'}),2,0.00033534540576794097,0.25,3.601449275362319
"frozenset({'OXCARBAZEPINE', 'BACLOFEN'})",frozenset({'Drug ineffective'}),2,0.00033534540576794097,0.25,3.601449275362319
"frozenset({'PYRIDOSTIGMINE', 'MYCOPHENOLATE MOFETIL'})",frozenset({'Therapy non-responder'}),2,0.00033534540576794097,0.25,19.88
"frozenset({'NORTRIPTYLINE', 'PREGABALIN'})",frozenset({'Drug ineffective'}),2,0.00033534540576794097,0.6666666666666666,9.603864734299517
"frozenset({'DIAZEPAM', 'PROPRANOLOL'})",frozenset({'Therapy non-responder'}),2,0.00033534540576794097,0.2857142857142857,22.72
"frozenset({'GABAPENTIN', 'AMANTADINE'})",frozenset({'Off label use'}),2,0.00033534540576794097,0.14285714285714285,3.6101694915254234
"frozenset({'DULOXETINE', 'LEVETIRACETAM'})",frozenset({'Drug ineffective'}),2,0.00033534540576794097,0.15384615384615383,2.2162764771460424
"frozenset({'CARBAMAZEPINE', 'GALANTAMINE'})",frozenset({'Overdose'}),2,0.00033534540576794097,0.11111111111111112,22.088888888888892
"frozenset({'RISPERIDONE', 'OXCARBAZEPINE'})",frozenset({'Off label use'}),2,0.00033534540576794097,0.3333333333333333,8.423728813559322
"frozenset({'AMANTADINE', 'MEMANTINE'})",frozenset({'Off label use'}),2,0.00033534540576794097,0.2857142857142857,7.220338983050847
"frozenset({'CLOBAZAM', 'PREGABALIN'})",frozenset({'Drug ineffective'}),2,0.00033534540576794097,0.5,7.202898550724638
"frozenset({'CARBAMAZEPINE', 'ZONISAMIDE'})",frozenset({'Drug ineffective'}),2,0.00033534540576794097,0.15384615384615383,2.2162764771460424
"frozenset({'NAPROXEN', 'DOMPERIDONE'})",frozenset({'Product use in unapproved indication'}),2,0.00033534540576794097,0.19999999999999998,16.8
"frozenset({'GABAPENTIN', 'METOCLOPRAMIDE'})",frozenset({'Drug ineffective'}),2,0.00033534540576794097,0.2857142857142857,4.115942028985507
"frozenset({'METHYLPHENIDATE', 'MEMANTINE'})",frozenset({'Off label use'}),2,0.00033534540576794097,1.0,25.271186440677965
"frozenset({'ACYCLOVIR', 'ZOLPIDEM'})",frozenset({'Blood HIV RNA increased'}),2,0.00033534540576794097,1.0,2982.0
"frozenset({'CARBAMAZEPINE', 'RISPERIDONE'})",frozenset({'Acute kidney injury'}),2,0.00033534540576794097,0.15384615384615383,25.487179487179485
"frozenset({'TRIHEXYPHENIDYL', 'RISPERIDONE'})",frozenset({'Psychotic behaviour'}),2,0.00033534540576794097,0.11111111111111112,220.88888888888889
"frozenset({'CANDESARTAN', 'PREGABALIN'})",frozenset({'Faecaloma'}),2,0.00033534540576794097,0.22222222222222224,189.33333333333334
"frozenset({'DULOXETINE', 'PROPRANOLOL'})",frozenset({'Psoriatic arthropathy'}),2,0.00033534540576794097,0.3333333333333333,198.79999999999998
"frozenset({'LACOSAMIDE', 'AZATHIOPRINE'})",frozenset({'Disease progression'}),2,0.00033534540576794097,0.6666666666666666,198.79999999999998
"frozenset({'DIAZEPAM', 'ZOLPIDEM'})",frozenset({'Chronic hepatitis'}),2,0.00033534540576794097,0.13333333333333333,198.8
"frozenset({'TOPIRAMATE', 'PROPRANOLOL'})",frozenset({'Focal dyscognitive seizures'}),2,0.00033534540576794097,0.10526315789473684,209.26315789473682
"frozenset({'ZONISAMIDE', 'OXCARBAZEPINE'})",frozenset({'Epilepsy'}),2,0.00033534540576794097,0.6666666666666666,209.26315789473682
"frozenset({'PRAMIPEXOLE', 'ROPINIROLE'})",frozenset({'Dyskinesia'}),2,0.00033534540576794097,0.5,213.0
"frozenset({'IBUPROFEN', 'HALOPERIDOL'})",frozenset({'Hepatic enzyme increased'}),2,0.00033534540576794097,0.39999999999999997,216.87272727272725
"frozenset({'IBUPROFEN', 'TRIHEXYPHENIDYL'})",frozenset({'Hepatic enzyme increased'}),2,0.00033534540576794097,0.39999999999999997,216.87272727272725
"frozenset({'CARBAMAZEPINE', 'GALANTAMINE'})",frozenset({'Creatinine renal clearance decreased'}),2,0.00033534540576794097,0.11111111111111112,220.88888888888889
"frozenset({'DIAZEPAM', 'GALANTAMINE'})",frozenset({'Pain'}),2,0.00033534540576794097,0.5,186.375
"frozenset({'CANDESARTAN', 'PREGABALIN'})",frozenset({'Agranulocytosis'}),2,0.00033534540576794097,0.22222222222222224,220.88888888888889
"frozenset({'RIZATRIPTAN', 'ZOPICLONE'})",frozenset({'Angioedema'}),2,0.00033534540576794097,0.15384615384615383,229.38461538461536
"frozenset({'MODAFINIL', 'METHYLPHENIDATE'})",frozenset({'Anxiety'}),2,0.00033534540576794097,0.6666666666666666,233.88235294117646
"frozenset({'ZONISAMIDE', 'PHENOBARBITAL'})",frozenset({'Alanine aminotransferase increased'}),2,0.00033534540576794097,0.19999999999999998,238.55999999999997
"frozenset({'PYRIDOSTIGMINE', 'MYCOPHENOLATE MOFETIL'})",frozenset({'Myasthenia gravis'}),2,0.00033534540576794097,0.25,248.49999999999997
"frozenset({'AMITRIPTYLINE', 'SUMATRIPTAN'})",frozenset({'Drug dependence'}),2,0.00033534540576794097,1.0,271.09090909090907
"frozenset({'GABAPENTIN', 'METOCLOPRAMIDE'})",frozenset({'Toxic encephalopathy'}),2,0.00033534540576794097,0.2857142857142857,283.99999999999994
"frozenset({'CYCLOSPORINE', 'ZOPICLONE'})",frozenset({'Urticaria'}),2,0.00033534540576794097,0.3333333333333333,284.0
"frozenset({'SAFINAMIDE', 'PRAMIPEXOLE'})",frozenset({'Dyskinesia'}),2,0.00033534540576794097,0.6666666666666666,284.0
"frozenset({'ACYCLOVIR', 'PREGABALIN'})",frozenset({'Urticaria'}),2,0.00033534540576794097,0.22222222222222224,189.33333333333334
"frozenset({'BENZTROPINE', 'MELATONIN'})",frozenset({'Left ventricular dysfunction'}),2,0.00033534540576794097,0.125,186.375
"frozenset({'RISPERIDONE', 'METHYLPHENIDATE'})",frozenset({'Pancreatitis necrotising'}),2,0.00033534540576794097,0.25,298.2
"frozenset({'DIAZEPAM', 'PHENOBARBITAL'})",frozenset({'Dry mouth'}),2,0.00033534540576794097,0.16666666666666666,165.66666666666666
"frozenset({'RASAGILINE', 'AMANTADINE'})",frozenset({'Neck pain'}),2,0.00033534540576794097,0.18181818181818182,135.54545454545456
"frozenset({'CANDESARTAN', 'MYCOPHENOLATE MOFETIL'})",frozenset({'Pneumonia'}),2,0.00033534540576794097,0.6666666666666666,137.10344827586206
"frozenset({'CANDESARTAN', 'CEFTRIAXONE'})",frozenset({'Drug hypersensitivity'}),2,0.00033534540576794097,0.2857142857142857,141.99999999999997
"frozenset({'AMANTADINE', 'ROPINIROLE'})",frozenset({'Dyskinesia'}),2,0.00033534540576794097,0.3333333333333333,142.0
"frozenset({'LAMOTRIGINE', 'DOMPERIDONE'})",frozenset({'Gastrooesophageal reflux disease'}),2,0.00033534540576794097,0.22222222222222224,147.25925925925927
"frozenset({'GALANTAMINE', 'PHENOBARBITAL'})",frozenset({'Balance disorder'}),2,0.00033534540576794097,0.19999999999999998,149.1
"frozenset({'IBUPROFEN', 'DIAZEPAM'})",frozenset({'Hepatic enzyme increased'}),2,0.00033534540576794097,0.2857142857142857,154.9090909090909
"frozenset({'SODIUM OXYBATE', 'LEVETIRACETAM'})",frozenset({'Treatment failure'}),2,0.00033534540576794097,1.0,156.94736842105263
"frozenset({'TOPIRAMATE', 'SODIUM OXYBATE'})",frozenset({'Treatment failure'}),2,0.00033534540576794097,1.0,156.94736842105263
"frozenset({'NAPROXEN', 'PREGABALIN'})",frozenset({'Red blood cell count decreased'}),2,0.00033534540576794097,0.11111111111111112,165.66666666666669
"frozenset({'RISPERIDONE', 'DONEPEZIL'})",frozenset({'Delirium'}),2,0.00033534540576794097,0.39999999999999997,183.50769230769228
"frozenset({'NAPROXEN', 'AMITRIPTYLINE'})",frozenset({'Red blood cell count decreased'}),2,0.00033534540576794097,0.11111111111111112,165.66666666666669
"frozenset({'DULOXETINE', 'METHYLPHENIDATE'})",frozenset({'Hyperprolactinaemia'}),2,0.00033534540576794097,0.22222222222222224,165.66666666666669
"frozenset({'CLOBAZAM', 'RISPERIDONE'})",frozenset({'Inappropriate schedule of product administration'}),2,0.00033534540576794097,0.22222222222222224,165.66666666666669
"frozenset({'CANDESARTAN', 'VANCOMYCIN'})",frozenset({'Acute kidney injury'}),2,0.00033534540576794097,1.0,165.66666666666669
"frozenset({'VALPROIC ACID', 'ZONISAMIDE'})",frozenset({'Alanine aminotransferase increased'}),2,0.00033534540576794097,0.14285714285714285,170.39999999999998
"frozenset({'DULOXETINE', 'MODAFINIL'})",frozenset({'Depression'}),2,0.00033534540576794097,0.6666666666666666,172.86956521739128
"frozenset({'TRIHEXYPHENIDYL', 'CARBAMAZEPINE'})",frozenset({'Hepatic enzyme increased'}),2,0.00033534540576794097,0.3333333333333333,180.72727272727272
"frozenset({'CARBAMAZEPINE', 'ZONISAMIDE'})",frozenset({'Alanine aminotransferase increased'}),2,0.00033534540576794097,0.15384615384615383,183.50769230769228
"frozenset({'RISPERIDONE', 'DONEPEZIL'})",frozenset({'Neuroleptic malignant syndrome'}),2,0.00033534540576794097,0.39999999999999997,183.50769230769228
"frozenset({'VALPROIC ACID', 'BACLOFEN'})",frozenset({'Catatonia'}),2,0.00033534540576794097,0.19999999999999998,298.2
"frozenset({'MELATONIN', 'PREGABALIN'})",frozenset({'Dysuria'}),2,0.00033534540576794097,0.15384615384615383,305.84615384615375
"frozenset({'MYCOPHENOLATE MOFETIL', 'RITUXIMAB'})",frozenset({'COVID-19'}),2,0.00033534540576794097,0.14285714285714285,27.483870967741936
"frozenset({'PREDNISOLONE', 'NORTRIPTYLINE'})",frozenset({'Conjunctivitis'}),2,0.00033534540576794097,0.3333333333333333,662.6666666666666
"frozenset({'ACYCLOVIR', 'CYCLOSPORINE'})",frozenset({'Blood creatinine'}),2,0.00033534540576794097,0.15384615384615383,458.7692307692307
"frozenset({'METOCLOPRAMIDE', 'RISPERIDONE'})",frozenset({'Gamma-glutamyltransferase increased'}),2,0.00033534540576794097,0.5,496.99999999999994
"frozenset({'CANDESARTAN', 'AMITRIPTYLINE'})",frozenset({'Abortion missed'}),2,0.00033534540576794097,0.16666666666666666,497.0
"frozenset({'CANDESARTAN', 'AMITRIPTYLINE'})",frozenset({'Arteriospasm coronary'}),2,0.00033534540576794097,0.16666666666666666,497.0
"frozenset({'PREDNISOLONE', 'NORTRIPTYLINE'})",frozenset({'Erythema'}),2,0.00033534540576794097,0.3333333333333333,497.0
"frozenset({'PREDNISOLONE', 'NORTRIPTYLINE'})",frozenset({'Mouth ulceration'}),2,0.00033534540576794097,0.3333333333333333,497.0
"frozenset({'MODAFINIL', 'PREGABALIN'})",frozenset({'Urticaria'}),2,0.00033534540576794097,0.6666666666666666,568.0
"frozenset({'CANDESARTAN', 'PRAMIPEXOLE'})",frozenset({'Troponin increased'}),2,0.00033534540576794097,0.19999999999999998,596.4
"frozenset({'PREDNISOLONE', 'MELATONIN'})",frozenset({'Idiopathic intracranial hypertension'}),2,0.00033534540576794097,0.19999999999999998,596.4
"frozenset({'PREDNISOLONE', 'NORTRIPTYLINE'})",frozenset({'Mucosal erosion'}),2,0.00033534540576794097,0.3333333333333333,662.6666666666666
"frozenset({'GABAPENTIN', 'VANCOMYCIN'})",frozenset({'Type IV hypersensitivity reaction'}),2,0.00033534540576794097,0.22222222222222224,441.77777777777777
"frozenset({'IBUPROFEN', 'CANDESARTAN'})",frozenset({'Peptic ulcer'}),2,0.00033534540576794097,0.25,745.5
"frozenset({'GABAPENTIN', 'NORTRIPTYLINE'})",frozenset({'Muscle tone disorder'}),2,0.00033534540576794097,0.25,745.5
"frozenset({'DULOXETINE', 'DIAZEPAM'})",frozenset({'Drug dose titration not performed'}),2,0.00033534540576794097,0.25,745.5
"frozenset({'DIAZEPAM', 'CEFTRIAXONE'})",frozenset({'Urinary retention'}),2,0.00033534540576794097,1.0,745.5
"frozenset({'TRIHEXYPHENIDYL', 'METHYLPHENIDATE'})",frozenset({'Platelet count decreased'}),2,0.00033534540576794097,1.0,745.5
"frozenset({'AMITRIPTYLINE', 'MODAFINIL'})",frozenset({'Urticaria'}),2,0.00033534540576794097,1.0,852.0
"frozenset({'CANDESARTAN', 'ZOLPIDEM'})",frozenset({'Odynophagia'}),2,0.00033534540576794097,0.5,1491.0
"frozenset({'ZOPICLONE', 'DONEPEZIL'})",frozenset({'Multiple drug therapy'}),2,0.00033534540576794097,1.0,1491.0
"frozenset({'ZOLPIDEM', 'RISPERIDONE'})",frozenset({'Hyperammonaemic encephalopathy'}),2,0.00033534540576794097,1.0,1491.0
"frozenset({'CARBAMAZEPINE', 'RISPERIDONE'})","frozenset({""Wernicke's encephalopathy""})",2,0.00033534540576794097,0.15384615384615383,458.7692307692307
"frozenset({'PHENYTOIN', 'ZOPICLONE'})",frozenset({'Incorrect dose administered'}),2,0.00033534540576794097,0.22222222222222224,441.77777777777777
"frozenset({'VALPROIC ACID', 'ZOLPIDEM'})",frozenset({'Neuroleptic malignant syndrome'}),2,0.00033534540576794097,0.6666666666666666,305.8461538461538
"frozenset({'ZOPICLONE', 'CEFTRIAXONE'})",frozenset({'Eosinophilia'}),2,0.00033534540576794097,0.39999999999999997,397.5999999999999
"frozenset({'VALPROIC ACID', 'AMITRIPTYLINE'})",frozenset({'Substance use'}),2,0.00033534540576794097,0.16666666666666666,331.3333333333333
"frozenset({'CARBAMAZEPINE', 'HALOPERIDOL'})","frozenset({""Wernicke's encephalopathy""})",2,0.00033534540576794097,0.11111111111111112,331.33333333333337
"frozenset({'IBUPROFEN', 'PREDNISOLONE'})",frozenset({'Fixed eruption'}),2,0.00033534540576794097,0.11764705882352941,350.8235294117647
"frozenset({'IBUPROFEN', 'PREDNISOLONE'})",frozenset({'Toxic shock syndrome streptococcal'}),2,0.00033534540576794097,0.11764705882352941,350.8235294117647
"frozenset({'TRIHEXYPHENIDYL', 'HALOPERIDOL'})",frozenset({'Necrotising colitis'}),2,0.00033534540576794097,0.11764705882352941,350.8235294117647
"frozenset({'DULOXETINE', 'LAMOTRIGINE'})",frozenset({'Chorea'}),2,0.00033534540576794097,0.18181818181818182,361.45454545454544
"frozenset({'ACYCLOVIR', 'GABAPENTIN'})",frozenset({'Rash pruritic'}),2,0.00033534540576794097,0.25,372.75
"frozenset({'TRIHEXYPHENIDYL', 'MELATONIN'})",frozenset({'Platelet count decreased'}),2,0.00033534540576794097,0.5,372.75
"frozenset({'GABAPENTIN', 'LAMOTRIGINE'})",frozenset({'Chorea'}),2,0.00033534540576794097,0.19999999999999998,397.5999999999999
"frozenset({'IBUPROFEN', 'MYCOPHENOLATE MOFETIL'})",frozenset({'Agranulocytosis'}),2,0.00033534540576794097,0.39999999999999997,397.5999999999999
"frozenset({'SAFINAMIDE', 'ROPINIROLE'})",frozenset({'Dyskinesia'}),2,0.00033534540576794097,1.0,426.0
"frozenset({'CLOBAZAM', 'PROPRANOLOL'})",frozenset({'Facial paralysis'}),2,0.00033534540576794097,0.13333333333333333,397.6
"frozenset({'DIAZEPAM', 'ZOLPIDEM'})",frozenset({'Persistent depressive disorder'}),2,0.00033534540576794097,0.13333333333333333,397.6
"frozenset({'DULOXETINE', 'RISPERIDONE'})",frozenset({'Dermatitis allergic'}),2,0.00033534540576794097,0.13333333333333333,397.6
"frozenset({'CANDESARTAN', 'METOCLOPRAMIDE'})",frozenset({'Hypotension'}),2,0.00033534540576794097,1.0,397.6
"frozenset({'GABAPENTIN', 'PROPRANOLOL'})",frozenset({'Nightmare'}),2,0.00033534540576794097,0.14285714285714285,426.0
"frozenset({'VALPROIC ACID', 'ZONISAMIDE'})",frozenset({'Talipes'}),2,0.00033534540576794097,0.14285714285714285,426.0
"frozenset({'ACYCLOVIR', 'MODAFINIL'})",frozenset({'Urticaria'}),2,0.00033534540576794097,0.5,426.0
"frozenset({'SAFINAMIDE', 'AMANTADINE'})",frozenset({'Dyskinesia'}),2,0.00033534540576794097,1.0,426.0
"frozenset({'SAFINAMIDE', 'RASAGILINE'})",frozenset({'Dyskinesia'}),2,0.00033534540576794097,1.0,426.0
"frozenset({'PRAMIPEXOLE', 'PREGABALIN'})",frozenset({'Abdominal discomfort'}),2,0.00033534540576794097,0.18181818181818182,135.54545454545456
"frozenset({'PHENYTOIN', 'PREGABALIN'})",frozenset({'Overdose'}),2,0.00033534540576794097,0.6666666666666666,132.53333333333333
"frozenset({'TRIHEXYPHENIDYL', 'PRAMIPEXOLE'})",frozenset({'Oedema peripheral'}),2,0.00033534540576794097,0.13333333333333333,132.53333333333333
"frozenset({'CANDESARTAN', 'CYCLOSPORINE'})",frozenset({'Pain'}),2,0.00033534540576794097,0.15384615384615383,57.34615384615384
"frozenset({'PREGABALIN', 'TIZANIDINE'})",frozenset({'Pain'}),2,0.00033534540576794097,0.13333333333333333,49.7
"frozenset({'ACYCLOVIR', 'MYCOPHENOLATE MOFETIL'})",frozenset({'Pneumocystis jirovecii pneumonia'}),2,0.00033534540576794097,0.14285714285714285,50.11764705882353
"frozenset({'CARBAMAZEPINE', 'GALANTAMINE'})",frozenset({'Cognitive disorder'}),2,0.00033534540576794097,0.11111111111111112,50.97435897435898
"frozenset({'LACOSAMIDE', 'PHENOBARBITAL'})",frozenset({'Premature delivery'}),2,0.00033534540576794097,0.10526315789473684,52.315789473684205
"frozenset({'DULOXETINE', 'LEVETIRACETAM'})",frozenset({'Anxiety'}),2,0.00033534540576794097,0.15384615384615383,53.972850678733025
"frozenset({'PHENYTOIN', 'BACLOFEN'})",frozenset({'Fall'}),2,0.00033534540576794097,0.5,56.264150943396224
"frozenset({'PREGABALIN', 'METHYLPHENIDATE'})",frozenset({'Overdose'}),2,0.00033534540576794097,0.2857142857142857,56.8
"frozenset({'IBUPROFEN', 'ZOPICLONE'})",frozenset({'Intentional overdose'}),2,0.00033534540576794097,0.15384615384615383,57.34615384615384
"frozenset({'AMITRIPTYLINE', 'GALANTAMINE'})",frozenset({'Pain'}),2,0.00033534540576794097,0.15384615384615383,57.34615384615384
"frozenset({'PHENYTOIN', 'PHENOBARBITAL'})",frozenset({'Premature delivery'}),2,0.00033534540576794097,0.11764705882352941,58.47058823529411
"frozenset({'IBUPROFEN', 'PREGABALIN'})",frozenset({'Anxiety'}),2,0.00033534540576794097,0.13333333333333333,46.7764705882353
"frozenset({'CARBAMAZEPINE', 'HALOPERIDOL'})",frozenset({'Hepatic enzyme increased'}),2,0.00033534540576794097,0.11111111111111112,60.24242424242425
"frozenset({'DOMPERIDONE', 'CYCLOSPORINE'})",frozenset({'Cytopenia'}),2,0.00033534540576794097,1.0,1987.9999999999998
"frozenset({'TRIHEXYPHENIDYL', 'HALOPERIDOL'})",frozenset({'Hepatic enzyme increased'}),2,0.00033534540576794097,0.11764705882352941,63.78609625668449
"frozenset({'IBUPROFEN', 'LEVETIRACETAM'})",frozenset({'Anxiety'}),2,0.00033534540576794097,0.18181818181818182,63.786096256684495
"frozenset({'RASAGILINE', 'PRAMIPEXOLE'})",frozenset({'Dyskinesia'}),2,0.00033534540576794097,0.15384615384615383,65.53846153846153
"frozenset({'CYCLOSPORINE', 'CEFTRIAXONE'})",frozenset({'Diarrhoea'}),2,0.00033534540576794097,0.2857142857142857,68.16
"frozenset({'LAMOTRIGINE', 'DOMPERIDONE'})",frozenset({'Epilepsy'}),2,0.00033534540576794097,0.22222222222222224,69.75438596491229
"frozenset({'TOPIRAMATE', 'MEMANTINE'})",frozenset({'Myocardial infarction'}),2,0.00033534540576794097,0.16666666666666666,71.0
"frozenset({'DIAZEPAM', 'PHENOBARBITAL'})",frozenset({'Inappropriate antidiuretic hormone secretion'}),2,0.00033534540576794097,0.16666666666666666,71.0
"frozenset({'ACYCLOVIR', 'METOCLOPRAMIDE'})",frozenset({'Cerebrovascular accident'}),2,0.00033534540576794097,0.11111111111111112,47.333333333333336
"frozenset({'AMITRIPTYLINE', 'GALANTAMINE'})",frozenset({'Depressed level of consciousness'}),2,0.00033534540576794097,0.15384615384615383,45.87692307692307
"frozenset({'OXCARBAZEPINE', 'PHENOBARBITAL'})",frozenset({'Bradypnoea'}),2,0.00033534540576794097,0.11111111111111112,132.53333333333333
"frozenset({'CLOBAZAM', 'RISPERIDONE'})",frozenset({'Seizure'}),2,0.00033534540576794097,0.22222222222222224,34.877192982456144
"frozenset({'ACYCLOVIR', 'METOCLOPRAMIDE'})",frozenset({'Confusional state'}),2,0.00033534540576794097,0.11111111111111112,30.121212121212125
"frozenset({'ZOPICLONE', 'CEFTRIAXONE'})",frozenset({'Condition aggravated'}),2,0.00033534540576794097,0.39999999999999997,30.981818181818177
"frozenset({'ACYCLOVIR', 'VANCOMYCIN'})",frozenset({'Rash'}),2,0.00033534540576794097,0.125,31.062499999999996
"frozenset({'CARBAMAZEPINE', 'PHENOBARBITAL'})",frozenset({'Dyspnoea'}),2,0.00033534540576794097,0.10526315789473684,31.38947368421052
"frozenset({'CARBAMAZEPINE', 'GALANTAMINE'})",frozenset({'Depressed level of consciousness'}),2,0.00033534540576794097,0.11111111111111112,33.13333333333333
"frozenset({'TOPIRAMATE', 'MEMANTINE'})",frozenset({'Therapeutic product effect incomplete'}),2,0.00033534540576794097,0.16666666666666666,33.13333333333333
"frozenset({'CANDESARTAN', 'AMITRIPTYLINE'})",frozenset({'Therapeutic product effect incomplete'}),2,0.00033534540576794097,0.16666666666666666,33.13333333333333
"frozenset({'ZOLPIDEM', 'PREGABALIN'})",frozenset({'Drug interaction'}),2,0.00033534540576794097,0.25,34.674418604651166
"frozenset({'RISPERIDONE', 'LEVETIRACETAM'})",frozenset({'Seizure'}),2,0.00033534540576794097,0.22222222222222224,34.877192982456144
"frozenset({'NAPROXEN', 'DOMPERIDONE'})",frozenset({'Vomiting'}),2,0.00033534540576794097,0.19999999999999998,38.47741935483871
"frozenset({'DULOXETINE', 'PROPRANOLOL'})",frozenset({'Maternal exposure during pregnancy'}),2,0.00033534540576794097,0.3333333333333333,45.18181818181818
"frozenset({'HALOPERIDOL', 'PREGABALIN'})",frozenset({'Condition aggravated'}),2,0.00033534540576794097,0.5,38.72727272727273
"frozenset({'TRIHEXYPHENIDYL', 'RISPERIDONE'})",frozenset({'Intentional overdose'}),2,0.00033534540576794097,0.11111111111111112,41.41666666666667
"frozenset({'CARBAMAZEPINE', 'GALANTAMINE'})",frozenset({'Pain'}),2,0.00033534540576794097,0.11111111111111112,41.41666666666667
"frozenset({'IBUPROFEN', 'CANDESARTAN'})",frozenset({'Acute kidney injury'}),2,0.00033534540576794097,0.25,41.41666666666667
"frozenset({'FINGOLIMOD', 'TERIFLUNOMIDE'})",frozenset({'Fatigue'}),2,0.00033534540576794097,0.18181818181818182,41.70629370629371
"frozenset({'LAMOTRIGINE', 'PROPRANOLOL'})",frozenset({'Suicidal ideation'}),2,0.00033534540576794097,0.19999999999999998,42.599999999999994
"frozenset({'LAMOTRIGINE', 'DOMPERIDONE'})",frozenset({'Vomiting'}),2,0.00033534540576794097,0.22222222222222224,42.752688172043015
"frozenset({'MELATONIN', 'PREGABALIN'})",frozenset({'Constipation'}),2,0.00033534540576794097,0.15384615384615383,43.692307692307686
"frozenset({'SUMATRIPTAN', 'TOPIRAMATE'})",frozenset({'Drug dependence'}),2,0.00033534540576794097,0.16666666666666666,45.18181818181818
"frozenset({'ETHOSUXIMIDE', 'CLOBAZAM'})",frozenset({'Multiple-drug resistance'}),2,0.00033534540576794097,0.3333333333333333,71.0
"frozenset({'PROPRANOLOL', 'PREGABALIN'})",frozenset({'Suicidal ideation'}),2,0.00033534540576794097,0.3333333333333333,71.0
"frozenset({'CANDESARTAN', 'DIAZEPAM'})",frozenset({'Fall'}),2,0.00033534540576794097,0.6666666666666666,75.0188679245283
"frozenset({'GABAPENTIN', 'LAMOTRIGINE'})",frozenset({'Cholestasis'}),2,0.00033534540576794097,0.19999999999999998,108.43636363636362
"frozenset({'ACYCLOVIR', 'PREDNISOLONE'})",frozenset({'Intentional product use issue'}),2,0.00033534540576794097,0.125,106.5
"frozenset({'RASAGILINE', 'ROPINIROLE'})",frozenset({'Dyskinesia'}),2,0.00033534540576794097,0.25,106.5
"frozenset({'OXCARBAZEPINE', 'BACLOFEN'})",frozenset({'Agitation'}),2,0.00033534540576794097,0.25,106.5
"frozenset({'ETHOSUXIMIDE', 'PHENOBARBITAL'})",frozenset({'Multiple-drug resistance'}),2,0.00033534540576794097,0.5,106.5
"frozenset({'TOPIRAMATE', 'ETHOSUXIMIDE'})",frozenset({'Multiple-drug resistance'}),2,0.00033534540576794097,0.5,106.5
"frozenset({'TERIFLUNOMIDE', 'DULOXETINE'})",frozenset({'Neutropenia'}),2,0.00033534540576794097,0.6666666666666666,107.45945945945947
"frozenset({'MODAFINIL', 'PROPRANOLOL'})",frozenset({'Neutropenia'}),2,0.00033534540576794097,0.6666666666666666,107.45945945945947
"frozenset({'NAPROXEN', 'DOMPERIDONE'})",frozenset({'Blepharospasm'}),2,0.00033534540576794097,0.19999999999999998,108.43636363636362
"frozenset({'VALPROIC ACID', 'BACLOFEN'})",frozenset({'Sedation'}),2,0.00033534540576794097,0.19999999999999998,108.43636363636362
"frozenset({'LEVETIRACETAM', 'CEFTRIAXONE'})",frozenset({'Vision blurred'}),2,0.00033534540576794097,0.11111111111111112,110.44444444444444
"frozenset({'RASAGILINE', 'AMANTADINE'})",frozenset({'Dyskinesia'}),2,0.00033534540576794097,0.18181818181818182,77.45454545454545
"frozenset({'PHENYTOIN', 'ZOPICLONE'})",frozenset({'Inspiratory capacity decreased'}),2,0.00033534540576794097,0.22222222222222224,110.44444444444444
"frozenset({'DIAZEPAM', 'ZOLPIDEM'})",frozenset({'Drug use disorder'}),2,0.00033534540576794097,0.13333333333333333,113.6
"frozenset({'DIAZEPAM', 'ZOLPIDEM'})",frozenset({'Sopor'}),2,0.00033534540576794097,0.13333333333333333,113.6
"frozenset({'RASAGILINE', 'PRAMIPEXOLE'})",frozenset({'Neck pain'}),2,0.00033534540576794097,0.15384615384615383,114.69230769230768
"frozenset({'AMITRIPTYLINE', 'GALANTAMINE'})",frozenset({'Balance disorder'}),2,0.00033534540576794097,0.15384615384615383,114.69230769230768
"frozenset({'DULOXETINE', 'ZOLPIDEM'})",frozenset({'Fatigue'}),2,0.00033534540576794097,0.5,114.6923076923077
"frozenset({'CARBAMAZEPINE', 'PHENOBARBITAL'})",frozenset({'Alanine aminotransferase increased'}),2,0.00033534540576794097,0.10526315789473684,125.55789473684209
"frozenset({'RISPERIDONE', 'BACLOFEN'})",frozenset({'Neuroleptic malignant syndrome'}),2,0.00033534540576794097,0.2857142857142857,131.07692307692307
"frozenset({'ACYCLOVIR', 'METOCLOPRAMIDE'})",frozenset({'Product dose omission issue'}),2,0.00033534540576794097,0.11111111111111112,132.53333333333333
"frozenset({'RISPERIDONE', 'PHENOBARBITAL'})",frozenset({'Seizure'}),2,0.00033534540576794097,0.6666666666666666,104.63157894736841
"frozenset({'METHYLPHENIDATE', 'BACLOFEN'})",frozenset({'Drug abuse'}),2,0.00033534540576794097,0.3333333333333333,104.63157894736841
"frozenset({'DULOXETINE', 'METOCLOPRAMIDE'})",frozenset({'Serotonin syndrome'}),2,0.00033534540576794097,0.6666666666666666,101.94871794871794
"frozenset({'DIAZEPAM', 'PROPRANOLOL'})",frozenset({'Anxiety'}),2,0.00033534540576794097,0.2857142857142857,100.23529411764706
"frozenset({'RISPERIDONE', 'PROPRANOLOL'})",frozenset({'Asthenia'}),2,0.00033534540576794097,0.18181818181818182,77.45454545454545
"frozenset({'GABAPENTIN', 'VANCOMYCIN'})",frozenset({'Hypokalaemia'}),2,0.00033534540576794097,0.22222222222222224,77.9607843137255
"frozenset({'CARBAMAZEPINE', 'PHENOBARBITAL'})",frozenset({'Balance disorder'}),2,0.00033534540576794097,0.10526315789473684,78.47368421052632
"frozenset({'CANDESARTAN', 'PRAMIPEXOLE'})",frozenset({'Hypotension'}),2,0.00033534540576794097,0.19999999999999998,79.52
"frozenset({'TETRABENAZINE', 'DIAZEPAM'})",frozenset({'Therapy non-responder'}),2,0.00033534540576794097,1.0,79.52
"frozenset({'TETRABENAZINE', 'PROPRANOLOL'})",frozenset({'Therapy non-responder'}),2,0.00033534540576794097,1.0,79.52
"frozenset({'TRIHEXYPHENIDYL', 'RISPERIDONE'})",frozenset({'Platelet count decreased'}),2,0.00033534540576794097,0.11111111111111112,82.83333333333334
"frozenset({'CANDESARTAN', 'TOPIRAMATE'})",frozenset({'Dysarthria'}),2,0.00033534540576794097,0.11764705882352941,87.70588235294117
"frozenset({'IBUPROFEN', 'DULOXETINE'})",frozenset({'Anxiety'}),2,0.00033534540576794097,0.25,87.70588235294117
"frozenset({'ZOLPIDEM', 'PREGABALIN'})",frozenset({'Anxiety'}),2,0.00033534540576794097,0.25,87.70588235294117
"frozenset({'ZOLPIDEM', 'PRAMIPEXOLE'})",frozenset({'Underdose'}),2,0.00033534540576794097,0.10526315789473684,89.68421052631578
"frozenset({'METHYLPHENIDATE', 'PREGABALIN'})",frozenset({'Drug abuse'}),2,0.00033534540576794097,0.2857142857142857,89.68421052631578
"frozenset({'IBUPROFEN', 'CARBAMAZEPINE'})",frozenset({'Hepatic enzyme increased'}),2,0.00033534540576794097,0.16666666666666666,90.36363636363636
"frozenset({'VALPROIC ACID', 'BACLOFEN'})",frozenset({'Neuroleptic malignant syndrome'}),2,0.00033534540576794097,0.19999999999999998,91.75384615384614
"frozenset({'ACYCLOVIR', 'PREDNISOLONE'})",frozenset({'Hypothyroidism'}),2,0.00033534540576794097,0.125,93.1875
"frozenset({'ACYCLOVIR', 'METOCLOPRAMIDE'})",frozenset({'Swelling'}),2,0.00033534540576794097,0.11111111111111112,94.66666666666667
"frozenset({'OXCARBAZEPINE', 'PHENOBARBITAL'})",frozenset({'Muscle spasms'}),2,0.00033534540576794097,0.11111111111111112,94.66666666666667
"frozenset({'ACYCLOVIR', 'METOCLOPRAMIDE'})",frozenset({'Decreased appetite'}),2,0.00033534540576794097,0.11111111111111112,94.66666666666667
"frozenset({'RISPERIDONE', 'PROPRANOLOL'})",frozenset({'Psychotic disorder'}),2,0.00033534540576794097,0.18181818181818182,98.57851239669422
"frozenset({'CLOBAZAM', 'PROPRANOLOL'})",frozenset({'Disease recurrence'}),2,0.00033534540576794097,0.13333333333333333,61.169230769230765
