Drug1,Drug2,PT,case_count,support,confidence,lift
ACYCLOVIR,ZOLPIDEM,Blood HIV RNA increased,2,0.00033534540576794097,1.0,2982.0
DOMPERIDONE,CYCLOSPORINE,Cytopenia,2,0.00033534540576794097,1.0,1987.9999999999998
ZOLPIDEM,RISPERIDONE,Hyperammonaemic encephalopathy,2,0.00033534540576794097,1.0,1491.0
ZOPICLONE,DONEPEZIL,Multiple drug therapy,2,0.00033534540576794097,1.0,1491.0
LAMOTRIGINE,BACLOFEN,Immune thrombocytopenia,3,0.0005030181086519115,0.7500000000000001,1491.0
CANDESARTAN,ZOLPIDEM,Odynophagia,2,0.00033534540576794097,0.5,1491.0
VANCOMYCIN,LEVETIRACETAM,Linear IgA disease,4,0.0006706908115358819,1.0,1192.8
ZOLPIDEM,TIZANIDINE,Pancreatitis necrotising,3,0.0005030181086519115,0.7500000000000001,894.6000000000001
AMITRIPTYLINE,MODAFINIL,Urticaria,2,0.00033534540576794097,1.0,852.0
VANCOMYCIN,RITUXIMAB,Quadriparesis,6,0.001006036217303823,1.0,852.0
TOPIRAMATE,ZOPICLONE,Diffuse axonal injury,4,0.0006706908115358819,0.5714285714285714,852.0
TOPIRAMATE,ZOPICLONE,White matter lesion,3,0.0005030181086519115,0.4285714285714286,852.0
TRIHEXYPHENIDYL,METHYLPHENIDATE,Platelet count decreased,2,0.00033534540576794097,1.0,745.5
DIAZEPAM,CEFTRIAXONE,Urinary retention,2,0.00033534540576794097,1.0,745.5
CANDESARTAN,PROPRANOLOL,Organising pneumonia,3,0.0005030181086519115,0.7500000000000001,745.5
AMITRIPTYLINE,ZOPICLONE,Poisoning,3,0.0005030181086519115,0.5,745.5
DULOXETINE,DIAZEPAM,Drug dose titration not performed,2,0.00033534540576794097,0.25,745.5
GABAPENTIN,NORTRIPTYLINE,Muscle tone disorder,2,0.00033534540576794097,0.25,745.5
IBUPROFEN,CANDESARTAN,Peptic ulcer,2,0.00033534540576794097,0.25,745.5
CARBAMAZEPINE,MELATONIN,Restlessness,4,0.0006706908115358819,0.6666666666666666,662.6666666666666
PREDNISOLONE,NORTRIPTYLINE,Mucosal erosion,2,0.00033534540576794097,0.3333333333333333,662.6666666666666
PREDNISOLONE,NORTRIPTYLINE,Conjunctivitis,2,0.00033534540576794097,0.3333333333333333,662.6666666666666
METOCLOPRAMIDE,PREGABALIN,Gamma-glutamyltransferase increased,3,0.0005030181086519115,0.6,596.4
PREDNISOLONE,MELATONIN,Epistaxis,5,0.0008383635144198525,0.5,596.4
CANDESARTAN,PRAMIPEXOLE,Hyperthyroidism,3,0.0005030181086519115,0.3,596.4
NAPROXEN,IBUPROFEN,Gastric ulcer perforation,3,0.0005030181086519115,0.3,596.4
PREDNISOLONE,MELATONIN,Idiopathic intracranial hypertension,2,0.00033534540576794097,0.19999999999999998,596.4
CANDESARTAN,PRAMIPEXOLE,Troponin increased,2,0.00033534540576794097,0.19999999999999998,596.4
MODAFINIL,PREGABALIN,Urticaria,2,0.00033534540576794097,0.6666666666666666,568.0
MELATONIN,METHYLPHENIDATE,Platelet count decreased,3,0.0005030181086519115,0.7500000000000001,559.1250000000001
FINGOLIMOD,TERIFLUNOMIDE,Non-small cell lung cancer,4,0.0006706908115358819,0.36363636363636365,542.1818181818182
METOCLOPRAMIDE,CYCLOSPORINE,Cardiac failure,9,0.0015090543259557343,1.0,542.1818181818181
ACYCLOVIR,IBUPROFEN,Hepatitis acute,5,0.0008383635144198525,0.7142857142857143,532.5
METOCLOPRAMIDE,LEVETIRACETAM,Rhabdomyolysis,4,0.0006706908115358819,0.7999999999999999,530.1333333333333
PREDNISOLONE,NORTRIPTYLINE,Mouth ulceration,2,0.00033534540576794097,0.3333333333333333,497.0
IBUPROFEN,CARBAMAZEPINE,Aspiration,4,0.0006706908115358819,0.3333333333333333,497.0
PREDNISOLONE,NORTRIPTYLINE,Erythema,2,0.00033534540576794097,0.3333333333333333,497.0
CANDESARTAN,AMITRIPTYLINE,Arteriospasm coronary,2,0.00033534540576794097,0.16666666666666666,497.0
CANDESARTAN,AMITRIPTYLINE,Abortion missed,2,0.00033534540576794097,0.16666666666666666,497.0
METOCLOPRAMIDE,PREDNISOLONE,Thrombotic microangiopathy,10,0.001676727028839705,1.0,496.99999999999994
METOCLOPRAMIDE,RISPERIDONE,Gamma-glutamyltransferase increased,2,0.00033534540576794097,0.5,496.99999999999994
GABAPENTIN,TOPIRAMATE,Bicytopenia,3,0.0005030181086519115,0.25,496.99999999999994
ZOPICLONE,RIZATRIPTAN,Dysphonia,5,0.0008383635144198525,0.38461538461538464,458.7692307692308
RASAGILINE,PRAMIPEXOLE,"Delusional disorder, persecutory type",3,0.0005030181086519115,0.23076923076923078,458.7692307692308
ACYCLOVIR,CYCLOSPORINE,Blood creatinine,2,0.00033534540576794097,0.15384615384615383,458.7692307692307
CARBAMAZEPINE,RISPERIDONE,Wernicke's encephalopathy,2,0.00033534540576794097,0.15384615384615383,458.7692307692307
GABAPENTIN,VANCOMYCIN,Type IV hypersensitivity reaction,2,0.00033534540576794097,0.22222222222222224,441.77777777777777
PHENYTOIN,ZOPICLONE,Incorrect dose administered,2,0.00033534540576794097,0.22222222222222224,441.77777777777777
SAFINAMIDE,ROPINIROLE,Dyskinesia,2,0.00033534540576794097,1.0,426.0
SAFINAMIDE,RASAGILINE,Dyskinesia,2,0.00033534540576794097,1.0,426.0
SAFINAMIDE,AMANTADINE,Dyskinesia,2,0.00033534540576794097,1.0,426.0
ACYCLOVIR,MODAFINIL,Urticaria,2,0.00033534540576794097,0.5,426.0
VALPROIC ACID,ZONISAMIDE,Talipes,2,0.00033534540576794097,0.14285714285714285,426.0
GABAPENTIN,PROPRANOLOL,Nightmare,2,0.00033534540576794097,0.14285714285714285,426.0
CANDESARTAN,METOCLOPRAMIDE,Hypotension,2,0.00033534540576794097,1.0,397.6
DULOXETINE,RISPERIDONE,Dermatitis allergic,2,0.00033534540576794097,0.13333333333333333,397.6
DIAZEPAM,ZOLPIDEM,Persistent depressive disorder,2,0.00033534540576794097,0.13333333333333333,397.6
CLOBAZAM,PROPRANOLOL,Facial paralysis,2,0.00033534540576794097,0.13333333333333333,397.6
IBUPROFEN,MYCOPHENOLATE MOFETIL,Agranulocytosis,2,0.00033534540576794097,0.39999999999999997,397.5999999999999
ZOPICLONE,CEFTRIAXONE,Eosinophilia,2,0.00033534540576794097,0.39999999999999997,397.5999999999999
GABAPENTIN,LAMOTRIGINE,Chorea,2,0.00033534540576794097,0.19999999999999998,397.5999999999999
ZOLPIDEM,ZOPICLONE,Pneumonia aspiration,3,0.0005030181086519115,1.0,372.75
RISPERIDONE,MELATONIN,Platelet count decreased,3,0.0005030181086519115,0.5,372.75
TRIHEXYPHENIDYL,MELATONIN,Platelet count decreased,2,0.00033534540576794097,0.5,372.75
MYCOPHENOLATE MOFETIL,LEVETIRACETAM,Venoocclusive liver disease,5,0.0008383635144198525,0.3125,372.75
ACYCLOVIR,GABAPENTIN,Rash pruritic,2,0.00033534540576794097,0.25,372.75
MYCOPHENOLATE MOFETIL,LEVETIRACETAM,Serratia sepsis,3,0.0005030181086519115,0.18750000000000003,372.75
MYCOPHENOLATE MOFETIL,LEVETIRACETAM,Hypermetabolism,3,0.0005030181086519115,0.18750000000000003,372.75
DULOXETINE,LAMOTRIGINE,Chorea,2,0.00033534540576794097,0.18181818181818182,361.45454545454544
DULOXETINE,MELATONIN,Mitral valve disease,3,0.0005030181086519115,0.6,357.84
TRIHEXYPHENIDYL,HALOPERIDOL,Necrotising colitis,2,0.00033534540576794097,0.11764705882352941,350.8235294117647
IBUPROFEN,PREDNISOLONE,Toxic shock syndrome streptococcal,2,0.00033534540576794097,0.11764705882352941,350.8235294117647
IBUPROFEN,PREDNISOLONE,Fixed eruption,2,0.00033534540576794097,0.11764705882352941,350.8235294117647
LEVETIRACETAM,CEFTRIAXONE,Purpura,9,0.0015090543259557343,0.5,331.33333333333337
CARBAMAZEPINE,HALOPERIDOL,Wernicke's encephalopathy,2,0.00033534540576794097,0.11111111111111112,331.33333333333337
VALPROIC ACID,AMITRIPTYLINE,Substance use,2,0.00033534540576794097,0.16666666666666666,331.3333333333333
GABAPENTIN,MYCOPHENOLATE MOFETIL,Therapy partial responder,3,0.0005030181086519115,1.0,313.89473684210526
ACYCLOVIR,AMPHOTERICIN B,Renal tubular disorder,10,0.001676727028839705,0.5263157894736842,313.89473684210526
TOPIRAMATE,PROPRANOLOL,Diffuse axonal injury,4,0.0006706908115358819,0.21052631578947367,313.89473684210526
TOPIRAMATE,PROPRANOLOL,White matter lesion,3,0.0005030181086519115,0.15789473684210525,313.8947368421052
CANDESARTAN,CEFTRIAXONE,Cholestasis,4,0.0006706908115358819,0.5714285714285714,309.8181818181818
VALPROIC ACID,ZOLPIDEM,Neuroleptic malignant syndrome,2,0.00033534540576794097,0.6666666666666666,305.8461538461538
MELATONIN,PREGABALIN,Dysuria,2,0.00033534540576794097,0.15384615384615383,305.84615384615375
CANDESARTAN,PRAMIPEXOLE,Adrenal insufficiency,3,0.0005030181086519115,0.3,298.2
MYCOPHENOLATE MOFETIL,LEVETIRACETAM,Adenovirus infection,4,0.0006706908115358819,0.25,298.2
RISPERIDONE,METHYLPHENIDATE,Pancreatitis necrotising,2,0.00033534540576794097,0.25,298.2
VALPROIC ACID,BACLOFEN,Catatonia,2,0.00033534540576794097,0.19999999999999998,298.2
SAFINAMIDE,PRAMIPEXOLE,Dyskinesia,2,0.00033534540576794097,0.6666666666666666,284.0
CYCLOSPORINE,ZOPICLONE,Urticaria,2,0.00033534540576794097,0.3333333333333333,284.0
GABAPENTIN,METOCLOPRAMIDE,Toxic encephalopathy,2,0.00033534540576794097,0.2857142857142857,283.99999999999994
DIAZEPAM,MELATONIN,Restlessness,4,0.0006706908115358819,0.2857142857142857,283.99999999999994
RISPERIDONE,METHYLPHENIDATE,Platelet count decreased,3,0.0005030181086519115,0.37500000000000006,279.56250000000006
AMITRIPTYLINE,SUMATRIPTAN,Drug dependence,2,0.00033534540576794097,1.0,271.09090909090907
GABAPENTIN,LACOSAMIDE,Bicytopenia,3,0.0005030181086519115,0.13043478260869568,259.304347826087
DIAZEPAM,METHYLPHENIDATE,Platelet count decreased,3,0.0005030181086519115,0.33333333333333337,248.50000000000003
PYRIDOSTIGMINE,MYCOPHENOLATE MOFETIL,Myasthenia gravis,2,0.00033534540576794097,0.25,248.49999999999997
CANDESARTAN,PREDNISOLONE,Nephrotic syndrome,3,0.0005030181086519115,0.2,238.56
ZONISAMIDE,PHENOBARBITAL,Alanine aminotransferase increased,2,0.00033534540576794097,0.19999999999999998,238.55999999999997
ZOPICLONE,ZOLMITRIPTAN,Aortic valve disease,4,0.0006706908115358819,0.15999999999999998,238.55999999999997
PROPRANOLOL,ZOPICLONE,Diffuse axonal injury,4,0.0006706908115358819,0.15999999999999998,238.55999999999997
CLOBAZAM,ZOPICLONE,Dilated cardiomyopathy,3,0.0005030181086519115,0.12,238.55999999999997
PROPRANOLOL,ZOPICLONE,White matter lesion,3,0.0005030181086519115,0.12,238.55999999999997
MODAFINIL,METHYLPHENIDATE,Anxiety,2,0.00033534540576794097,0.6666666666666666,233.88235294117646
RISPERIDONE,PREGABALIN,"Hallucination, auditory",3,0.0005030181086519115,0.11538461538461539,229.3846153846154
RIZATRIPTAN,ZOPICLONE,Angioedema,2,0.00033534540576794097,0.15384615384615383,229.38461538461536
CANDESARTAN,PREGABALIN,Agranulocytosis,2,0.00033534540576794097,0.22222222222222224,220.88888888888889
CARBAMAZEPINE,GALANTAMINE,Creatinine renal clearance decreased,2,0.00033534540576794097,0.11111111111111112,220.88888888888889
TRIHEXYPHENIDYL,RISPERIDONE,Psychotic behaviour,2,0.00033534540576794097,0.11111111111111112,220.88888888888889
IBUPROFEN,TRIHEXYPHENIDYL,Hepatic enzyme increased,2,0.00033534540576794097,0.39999999999999997,216.87272727272725
IBUPROFEN,HALOPERIDOL,Hepatic enzyme increased,2,0.00033534540576794097,0.39999999999999997,216.87272727272725
PRAMIPEXOLE,ROPINIROLE,Dyskinesia,2,0.00033534540576794097,0.5,213.0
CANDESARTAN,LEVETIRACETAM,Hypokalaemia,3,0.0005030181086519115,0.6,210.49411764705883
PHENYTOIN,PHENOBARBITAL,Electrolyte imbalance,3,0.0005030181086519115,0.17647058823529413,210.49411764705883
ZONISAMIDE,OXCARBAZEPINE,Epilepsy,2,0.00033534540576794097,0.6666666666666666,209.26315789473682
TOPIRAMATE,PROPRANOLOL,Focal dyscognitive seizures,2,0.00033534540576794097,0.10526315789473684,209.26315789473682
DIAZEPAM,ZOLPIDEM,Chronic hepatitis,2,0.00033534540576794097,0.13333333333333333,198.8
LACOSAMIDE,AZATHIOPRINE,Disease progression,2,0.00033534540576794097,0.6666666666666666,198.79999999999998
DULOXETINE,PROPRANOLOL,Psoriatic arthropathy,2,0.00033534540576794097,0.3333333333333333,198.79999999999998
PREGABALIN,TIZANIDINE,Myalgia,3,0.0005030181086519115,0.2,198.79999999999998
CANDESARTAN,PREGABALIN,Faecaloma,2,0.00033534540576794097,0.22222222222222224,189.33333333333334
ACYCLOVIR,PREGABALIN,Urticaria,2,0.00033534540576794097,0.22222222222222224,189.33333333333334
DIAZEPAM,GALANTAMINE,Pain,2,0.00033534540576794097,0.5,186.375
BENZTROPINE,MELATONIN,Left ventricular dysfunction,2,0.00033534540576794097,0.125,186.375
RISPERIDONE,DONEPEZIL,Delirium,2,0.00033534540576794097,0.39999999999999997,183.50769230769228
RISPERIDONE,DONEPEZIL,Neuroleptic malignant syndrome,2,0.00033534540576794097,0.39999999999999997,183.50769230769228
MELATONIN,PREGABALIN,Mitral valve disease,4,0.0006706908115358819,0.30769230769230765,183.50769230769228
CARBAMAZEPINE,ZONISAMIDE,Alanine aminotransferase increased,2,0.00033534540576794097,0.15384615384615383,183.50769230769228
TRIHEXYPHENIDYL,CARBAMAZEPINE,Hepatic enzyme increased,2,0.00033534540576794097,0.3333333333333333,180.72727272727272
DULOXETINE,MODAFINIL,Depression,2,0.00033534540576794097,0.6666666666666666,172.86956521739128
CYCLOSPORINE,CEFTRIAXONE,Colitis ulcerative,3,0.0005030181086519115,0.4285714285714286,170.4
DIAZEPAM,ZOPICLONE,Enuresis,4,0.0006706908115358819,0.11428571428571428,170.4
VALPROIC ACID,ZONISAMIDE,Alanine aminotransferase increased,2,0.00033534540576794097,0.14285714285714285,170.39999999999998
CANDESARTAN,VANCOMYCIN,Acute kidney injury,2,0.00033534540576794097,1.0,165.66666666666669
TOPIRAMATE,SUMATRIPTAN,Disturbance in attention,3,0.0005030181086519115,0.25,165.66666666666669
CLOBAZAM,RISPERIDONE,Inappropriate schedule of product administration,2,0.00033534540576794097,0.22222222222222224,165.66666666666669
DULOXETINE,METHYLPHENIDATE,Hyperprolactinaemia,2,0.00033534540576794097,0.22222222222222224,165.66666666666669
NAPROXEN,AMITRIPTYLINE,Red blood cell count decreased,2,0.00033534540576794097,0.11111111111111112,165.66666666666669
NAPROXEN,PREGABALIN,Red blood cell count decreased,2,0.00033534540576794097,0.11111111111111112,165.66666666666669
DIAZEPAM,METHYLPHENIDATE,Pulmonary embolism,6,0.001006036217303823,0.6666666666666667,165.66666666666666
DIAZEPAM,PHENOBARBITAL,Dry mouth,2,0.00033534540576794097,0.16666666666666666,165.66666666666666
CARBAMAZEPINE,LAMOTRIGINE,BRASH syndrome,5,0.0008383635144198525,0.1388888888888889,165.66666666666666
MYCOPHENOLATE MOFETIL,ECULIZUMAB,COVID-19,6,0.001006036217303823,0.8571428571428572,164.90322580645162
DULOXETINE,ZOPICLONE,Dementia,10,0.001676727028839705,0.35714285714285715,163.84615384615384
AMPHOTERICIN B,MYCOPHENOLATE MOFETIL,Cerebral infarction,3,0.0005030181086519115,0.13636363636363638,162.65454545454546
DIAZEPAM,MELATONIN,Platelet count decreased,3,0.0005030181086519115,0.2142857142857143,159.75000000000003
TOPIRAMATE,SODIUM OXYBATE,Treatment failure,2,0.00033534540576794097,1.0,156.94736842105263
SODIUM OXYBATE,LEVETIRACETAM,Treatment failure,2,0.00033534540576794097,1.0,156.94736842105263
ZOPICLONE,PREGABALIN,Acquired haemophilia,10,0.001676727028839705,0.2631578947368421,156.94736842105263
MELATONIN,PHENOBARBITAL,Victim of child abuse,4,0.0006706908115358819,0.10526315789473684,156.94736842105263
CLOBAZAM,MELATONIN,Victim of child abuse,4,0.0006706908115358819,0.10526315789473684,156.94736842105263
VALPROIC ACID,DIAZEPAM,Catatonia,4,0.0006706908115358819,0.10526315789473684,156.94736842105263
ZOPICLONE,BACLOFEN,Hemiplegia,3,0.0005030181086519115,0.13043478260869568,155.5826086956522
IBUPROFEN,DIAZEPAM,Hepatic enzyme increased,2,0.00033534540576794097,0.2857142857142857,154.9090909090909
LAMOTRIGINE,ZOPICLONE,Basilar artery occlusion,4,0.0006706908115358819,0.10256410256410256,152.92307692307693
LAMOTRIGINE,BENZTROPINE,Cardiac arrest,8,0.0013413816230717639,0.5,149.1
GALANTAMINE,PHENOBARBITAL,Balance disorder,2,0.00033534540576794097,0.19999999999999998,149.1
LAMOTRIGINE,DOMPERIDONE,Gastrooesophageal reflux disease,2,0.00033534540576794097,0.22222222222222224,147.25925925925927
CARBAMAZEPINE,DIAZEPAM,Restlessness,4,0.0006706908115358819,0.14814814814814814,147.25925925925924
DIAZEPAM,ZOLPIDEM,Cardio-respiratory arrest,4,0.0006706908115358819,0.26666666666666666,144.5818181818182
DULOXETINE,RISPERIDONE,Encephalopathy,5,0.0008383635144198525,0.33333333333333337,142.0
AMITRIPTYLINE,HALOPERIDOL,Dyskinesia,3,0.0005030181086519115,0.33333333333333337,142.0
AMANTADINE,ROPINIROLE,Dyskinesia,2,0.00033534540576794097,0.3333333333333333,142.0
CANDESARTAN,CEFTRIAXONE,Drug hypersensitivity,2,0.00033534540576794097,0.2857142857142857,141.99999999999997
LAMOTRIGINE,MELATONIN,Deep vein thrombosis,4,0.0006706908115358819,0.11764705882352941,140.32941176470587
CANDESARTAN,MYCOPHENOLATE MOFETIL,Pneumonia,2,0.00033534540576794097,0.6666666666666666,137.10344827586206
METOCLOPRAMIDE,ZOPICLONE,Ischaemic stroke,6,0.001006036217303823,0.5454545454545455,135.54545454545456
RASAGILINE,AMANTADINE,Neck pain,2,0.00033534540576794097,0.18181818181818182,135.54545454545456
PRAMIPEXOLE,PREGABALIN,Abdominal discomfort,2,0.00033534540576794097,0.18181818181818182,135.54545454545456
GABAPENTIN,LEVETIRACETAM,Purpura,9,0.0015090543259557343,0.20454545454545453,135.54545454545453
PHENYTOIN,PREGABALIN,Overdose,2,0.00033534540576794097,0.6666666666666666,132.53333333333333
PHENYTOIN,GABAPENTIN,Inspiratory capacity decreased,12,0.002012072434607646,0.26666666666666666,132.53333333333333
TRIHEXYPHENIDYL,PRAMIPEXOLE,Oedema peripheral,2,0.00033534540576794097,0.13333333333333333,132.53333333333333
OXCARBAZEPINE,PHENOBARBITAL,Bradypnoea,2,0.00033534540576794097,0.11111111111111112,132.53333333333333
ACYCLOVIR,METOCLOPRAMIDE,Product dose omission issue,2,0.00033534540576794097,0.11111111111111112,132.53333333333333
RISPERIDONE,BACLOFEN,Neuroleptic malignant syndrome,2,0.00033534540576794097,0.2857142857142857,131.07692307692307
BENZTROPINE,MELATONIN,Cardiac arrest,7,0.0011737089201877935,0.4375,130.4625
DULOXETINE,HALOPERIDOL,Dyskinesia,3,0.0005030181086519115,0.3,127.8
CARBAMAZEPINE,PHENOBARBITAL,Alanine aminotransferase increased,2,0.00033534540576794097,0.10526315789473684,125.55789473684209
CARBAMAZEPINE,GALANTAMINE,Balance disorder,3,0.0005030181086519115,0.16666666666666669,124.25000000000001
OXCARBAZEPINE,PHENOBARBITAL,Dysarthria,3,0.0005030181086519115,0.16666666666666669,124.25000000000001
PHENYTOIN,IBUPROFEN,Inspiratory capacity decreased,10,0.001676727028839705,0.25,124.24999999999999
LAMOTRIGINE,MELATONIN,Cardiac arrest,14,0.002347417840375587,0.411764705882353,122.78823529411765
GABAPENTIN,AMITRIPTYLINE,Anal incontinence,6,0.001006036217303823,0.14285714285714288,121.71428571428572
ACYCLOVIR,METOCLOPRAMIDE,Inappropriate antidiuretic hormone secretion,5,0.0008383635144198525,0.2777777777777778,118.33333333333334
BENZTROPINE,LAMOTRIGINE,Death,6,0.001006036217303823,0.37500000000000006,117.71052631578948
BENZTROPINE,MELATONIN,Death,6,0.001006036217303823,0.37500000000000006,117.71052631578948
VALPROIC ACID,HALOPERIDOL,Choking,3,0.0005030181086519115,0.13636363636363638,116.1818181818182
DULOXETINE,ZOLPIDEM,Fatigue,2,0.00033534540576794097,0.5,114.6923076923077
AMITRIPTYLINE,GALANTAMINE,Balance disorder,2,0.00033534540576794097,0.15384615384615383,114.69230769230768
RASAGILINE,PRAMIPEXOLE,Neck pain,2,0.00033534540576794097,0.15384615384615383,114.69230769230768
DIAZEPAM,ZOLPIDEM,Sopor,2,0.00033534540576794097,0.13333333333333333,113.6
DIAZEPAM,ZOLPIDEM,Drug use disorder,2,0.00033534540576794097,0.13333333333333333,113.6
ACYCLOVIR,CEFTRIAXONE,Stevens-Johnson syndrome,6,0.001006036217303823,0.3157894736842105,110.78637770897832
PHENYTOIN,ZOPICLONE,Inspiratory capacity decreased,2,0.00033534540576794097,0.22222222222222224,110.44444444444444
LEVETIRACETAM,CEFTRIAXONE,Vision blurred,2,0.00033534540576794097,0.11111111111111112,110.44444444444444
GABAPENTIN,LAMOTRIGINE,Cholestasis,2,0.00033534540576794097,0.19999999999999998,108.43636363636362
VALPROIC ACID,BACLOFEN,Sedation,2,0.00033534540576794097,0.19999999999999998,108.43636363636362
NAPROXEN,DOMPERIDONE,Blepharospasm,2,0.00033534540576794097,0.19999999999999998,108.43636363636362
MODAFINIL,PROPRANOLOL,Neutropenia,2,0.00033534540576794097,0.6666666666666666,107.45945945945947
TERIFLUNOMIDE,DULOXETINE,Neutropenia,2,0.00033534540576794097,0.6666666666666666,107.45945945945947
TOPIRAMATE,ETHOSUXIMIDE,Multiple-drug resistance,2,0.00033534540576794097,0.5,106.5
ETHOSUXIMIDE,PHENOBARBITAL,Multiple-drug resistance,2,0.00033534540576794097,0.5,106.5
CANDESARTAN,ZOPICLONE,Ischaemic stroke,3,0.0005030181086519115,0.4285714285714286,106.5
LACOSAMIDE,PREGABALIN,Asthenia,3,0.0005030181086519115,0.25,106.5
OXCARBAZEPINE,BACLOFEN,Agitation,2,0.00033534540576794097,0.25,106.5
RASAGILINE,ROPINIROLE,Dyskinesia,2,0.00033534540576794097,0.25,106.5
LAMOTRIGINE,DIAZEPAM,Intestinal obstruction,4,0.0006706908115358819,0.125,106.5
ACYCLOVIR,PREDNISOLONE,Intentional product use issue,2,0.00033534540576794097,0.125,106.5
GABAPENTIN,VANCOMYCIN,Diarrhoea,4,0.0006706908115358819,0.4444444444444445,106.02666666666667
RISPERIDONE,PHENOBARBITAL,Seizure,2,0.00033534540576794097,0.6666666666666666,104.63157894736841
METHYLPHENIDATE,BACLOFEN,Drug abuse,2,0.00033534540576794097,0.3333333333333333,104.63157894736841
DULOXETINE,METOCLOPRAMIDE,Serotonin syndrome,2,0.00033534540576794097,0.6666666666666666,101.94871794871794
CANDESARTAN,AZATHIOPRINE,Obstructive airways disorder,7,0.0011737089201877935,0.11864406779661017,101.08474576271186
DIAZEPAM,PROPRANOLOL,Anxiety,2,0.00033534540576794097,0.2857142857142857,100.23529411764706
NAPROXEN,LAMOTRIGINE,Gastrooesophageal reflux disease,3,0.0005030181086519115,0.15,99.4
RISPERIDONE,PROPRANOLOL,Psychotic disorder,2,0.00033534540576794097,0.18181818181818182,98.57851239669422
GABAPENTIN,AMANTADINE,Serotonin syndrome,9,0.0015090543259557343,0.6428571428571428,98.30769230769229
ACYCLOVIR,METOCLOPRAMIDE,Decreased appetite,2,0.00033534540576794097,0.11111111111111112,94.66666666666667
OXCARBAZEPINE,PHENOBARBITAL,Muscle spasms,2,0.00033534540576794097,0.11111111111111112,94.66666666666667
ACYCLOVIR,METOCLOPRAMIDE,Swelling,2,0.00033534540576794097,0.11111111111111112,94.66666666666667
LAMOTRIGINE,PHENOBARBITAL,Seizure,3,0.0005030181086519115,0.6,94.16842105263157
ACYCLOVIR,PREDNISOLONE,Hypothyroidism,2,0.00033534540576794097,0.125,93.1875
LAMOTRIGINE,MELATONIN,Death,10,0.001676727028839705,0.29411764705882354,92.3219814241486
VALPROIC ACID,BACLOFEN,Neuroleptic malignant syndrome,2,0.00033534540576794097,0.19999999999999998,91.75384615384614
RISPERIDONE,PREGABALIN,Product prescribing error,4,0.0006706908115358819,0.15384615384615383,91.75384615384614
LAMOTRIGINE,ZONISAMIDE,Maternal death,4,0.0006706908115358819,0.13793103448275862,91.40229885057472
GABAPENTIN,PROPRANOLOL,Encephalopathy,3,0.0005030181086519115,0.2142857142857143,91.28571428571429
RISPERIDONE,RIVASTIGMINE,Parkinsonism,5,0.0008383635144198525,0.33333333333333337,90.36363636363637
VALPROIC ACID,GABAPENTIN,Oxygen saturation decreased,4,0.0006706908115358819,0.16666666666666666,90.36363636363636
IBUPROFEN,CARBAMAZEPINE,Hepatic enzyme increased,2,0.00033534540576794097,0.16666666666666666,90.36363636363636
METHYLPHENIDATE,PREGABALIN,Drug abuse,2,0.00033534540576794097,0.2857142857142857,89.68421052631578
ZOLPIDEM,PRAMIPEXOLE,Underdose,2,0.00033534540576794097,0.10526315789473684,89.68421052631578
ZOLPIDEM,PREGABALIN,Anxiety,2,0.00033534540576794097,0.25,87.70588235294117
IBUPROFEN,DULOXETINE,Anxiety,2,0.00033534540576794097,0.25,87.70588235294117
CANDESARTAN,TOPIRAMATE,Dysarthria,2,0.00033534540576794097,0.11764705882352941,87.70588235294117
LAMOTRIGINE,ZOPICLONE,Cerebrovascular accident,8,0.0013413816230717639,0.20512820512820512,87.38461538461537
GABAPENTIN,ZOPICLONE,Toxic skin eruption,3,0.0005030181086519115,0.1,85.2
ZOPICLONE,BACLOFEN,Suicidal ideation,9,0.0015090543259557343,0.3913043478260869,83.34782608695652
TRIHEXYPHENIDYL,RISPERIDONE,Platelet count decreased,2,0.00033534540576794097,0.11111111111111112,82.83333333333334
NAPROXEN,LAMOTRIGINE,Blepharospasm,3,0.0005030181086519115,0.15,81.32727272727273
OXCARBAZEPINE,PREGABALIN,Parkinsonism,8,0.0013413816230717639,0.2962962962962963,80.32323232323232
IBUPROFEN,GABAPENTIN,Inspiratory capacity decreased,10,0.001676727028839705,0.16129032258064516,80.16129032258064
VANCOMYCIN,PHENOBARBITAL,Therapy non-responder,3,0.0005030181086519115,1.0,79.52
ACYCLOVIR,PHENOBARBITAL,Therapy non-responder,3,0.0005030181086519115,1.0,79.52
TETRABENAZINE,PROPRANOLOL,Therapy non-responder,2,0.00033534540576794097,1.0,79.52
TETRABENAZINE,DIAZEPAM,Therapy non-responder,2,0.00033534540576794097,1.0,79.52
CANDESARTAN,PRAMIPEXOLE,Hypotension,2,0.00033534540576794097,0.19999999999999998,79.52
CARBAMAZEPINE,PHENOBARBITAL,Balance disorder,2,0.00033534540576794097,0.10526315789473684,78.47368421052632
MELATONIN,PHENOBARBITAL,Respiratory depression,4,0.0006706908115358819,0.10526315789473684,78.47368421052632
CLOBAZAM,MELATONIN,Respiratory depression,4,0.0006706908115358819,0.10526315789473684,78.47368421052632
GABAPENTIN,VANCOMYCIN,Hypokalaemia,2,0.00033534540576794097,0.22222222222222224,77.9607843137255
RISPERIDONE,PROPRANOLOL,Asthenia,2,0.00033534540576794097,0.18181818181818182,77.45454545454545
RASAGILINE,AMANTADINE,Dyskinesia,2,0.00033534540576794097,0.18181818181818182,77.45454545454545
METHYLPHENIDATE,BACLOFEN,Serotonin syndrome,3,0.0005030181086519115,0.5,76.46153846153845
CANDESARTAN,DIAZEPAM,Fall,2,0.00033534540576794097,0.6666666666666666,75.0188679245283
ACYCLOVIR,VANCOMYCIN,Toxic epidermal necrolysis,3,0.0005030181086519115,0.18750000000000003,74.55000000000001
MYCOPHENOLATE MOFETIL,ALEMTUZUMAB,Cytomegalovirus infection reactivation,12,0.002012072434607646,0.28571428571428575,74.08695652173914
LAMOTRIGINE,PRAMIPEXOLE,Adverse drug reaction,4,0.0006706908115358819,0.11111111111111112,73.62962962962963
DIAZEPAM,ZOPICLONE,Myocardial infarction,6,0.001006036217303823,0.17142857142857146,73.02857142857144
TOPIRAMATE,OXCARBAZEPINE,Hypokalaemia,6,0.001006036217303823,0.20689655172413796,72.5841784989858
DULOXETINE,AMANTADINE,Serotonin syndrome,8,0.0013413816230717639,0.47058823529411764,71.96380090497738
DULOXETINE,AMITRIPTYLINE,Dizziness,3,0.0005030181086519115,0.2142857142857143,71.00000000000001
PROPRANOLOL,PREGABALIN,Suicidal ideation,2,0.00033534540576794097,0.3333333333333333,71.0
ETHOSUXIMIDE,CLOBAZAM,Multiple-drug resistance,2,0.00033534540576794097,0.3333333333333333,71.0
DIAZEPAM,PHENOBARBITAL,Inappropriate antidiuretic hormone secretion,2,0.00033534540576794097,0.16666666666666666,71.0
TOPIRAMATE,MEMANTINE,Myocardial infarction,2,0.00033534540576794097,0.16666666666666666,71.0
GABAPENTIN,LACOSAMIDE,Oxygen saturation decreased,3,0.0005030181086519115,0.13043478260869568,70.71936758893281
PREDNISOLONE,PREGABALIN,Oxygen saturation decreased,3,0.0005030181086519115,0.13043478260869568,70.71936758893281
VALPROIC ACID,ZOPICLONE,Intentional product misuse,4,0.0006706908115358819,0.19999999999999998,70.16470588235293
LAMOTRIGINE,DOMPERIDONE,Epilepsy,2,0.00033534540576794097,0.22222222222222224,69.75438596491229
CYCLOSPORINE,CEFTRIAXONE,Diarrhoea,2,0.00033534540576794097,0.2857142857142857,68.16
LAMOTRIGINE,DIAZEPAM,Cardio-respiratory arrest,4,0.0006706908115358819,0.125,67.77272727272727
PREGABALIN,BACLOFEN,Altered state of consciousness,6,0.001006036217303823,0.11320754716981132,67.51698113207547
TRIHEXYPHENIDYL,PRAMIPEXOLE,Dizziness,3,0.0005030181086519115,0.2,66.26666666666668
TRIHEXYPHENIDYL,HALOPERIDOL,Intentional overdose,3,0.0005030181086519115,0.17647058823529413,65.77941176470588
RASAGILINE,PRAMIPEXOLE,Dyskinesia,2,0.00033534540576794097,0.15384615384615383,65.53846153846153
MELATONIN,PHENOBARBITAL,Product use issue,5,0.0008383635144198525,0.13157894736842105,65.39473684210526
PREDNISOLONE,LEVETIRACETAM,Hepatic cytolysis,5,0.0008383635144198525,0.2173913043478261,64.82608695652175
IBUPROFEN,LEVETIRACETAM,Anxiety,2,0.00033534540576794097,0.18181818181818182,63.786096256684495
TRIHEXYPHENIDYL,HALOPERIDOL,Hepatic enzyme increased,2,0.00033534540576794097,0.11764705882352941,63.78609625668449
PHENOBARBITAL,BACLOFEN,Product prescribing error,5,0.0008383635144198525,0.10638297872340426,63.4468085106383
CLOBAZAM,BACLOFEN,Product prescribing error,5,0.0008383635144198525,0.10638297872340426,63.4468085106383
CLOBAZAM,MELATONIN,Product prescribing error,4,0.0006706908115358819,0.10526315789473684,62.77894736842104
MELATONIN,PHENOBARBITAL,Product prescribing error,4,0.0006706908115358819,0.10526315789473684,62.77894736842104
ZOPICLONE,PREGABALIN,Pancreatitis,4,0.0006706908115358819,0.10526315789473684,62.77894736842104
ACYCLOVIR,GABAPENTIN,Acute kidney injury,3,0.0005030181086519115,0.37500000000000006,62.125000000000014
DIAZEPAM,ZOPICLONE,Cardio-respiratory arrest,4,0.0006706908115358819,0.11428571428571428,61.96363636363636
CLOBAZAM,PROPRANOLOL,Disease recurrence,2,0.00033534540576794097,0.13333333333333333,61.169230769230765
CARBAMAZEPINE,HALOPERIDOL,Hepatic enzyme increased,2,0.00033534540576794097,0.11111111111111112,60.24242424242425
CARBAMAZEPINE,HALOPERIDOL,Hypokalaemia,3,0.0005030181086519115,0.16666666666666669,58.47058823529412
PHENYTOIN,PHENOBARBITAL,Premature delivery,2,0.00033534540576794097,0.11764705882352941,58.47058823529411
MELATONIN,BACLOFEN,Product use issue,5,0.0008383635144198525,0.11627906976744186,57.7906976744186
CANDESARTAN,CYCLOSPORINE,Pain,2,0.00033534540576794097,0.15384615384615383,57.34615384615384
AMITRIPTYLINE,GALANTAMINE,Pain,2,0.00033534540576794097,0.15384615384615383,57.34615384615384
IBUPROFEN,ZOPICLONE,Intentional overdose,2,0.00033534540576794097,0.15384615384615383,57.34615384615384
DIAZEPAM,PHENOBARBITAL,Hyponatraemia,4,0.0006706908115358819,0.3333333333333333,56.8
PREGABALIN,METHYLPHENIDATE,Overdose,2,0.00033534540576794097,0.2857142857142857,56.8
PHENYTOIN,VALPROIC ACID,Premature delivery,4,0.0006706908115358819,0.11428571428571428,56.79999999999999
GABAPENTIN,DULOXETINE,Cholestatic liver injury,7,0.0011737089201877935,0.10447761194029852,56.645861601085485
PHENYTOIN,BACLOFEN,Fall,2,0.00033534540576794097,0.5,56.264150943396224
GABAPENTIN,PHENOBARBITAL,Product use issue,5,0.0008383635144198525,0.11111111111111112,55.22222222222222
PROPRANOLOL,ZOPICLONE,Disease recurrence,3,0.0005030181086519115,0.12,55.052307692307686
DULOXETINE,LEVETIRACETAM,Anxiety,2,0.00033534540576794097,0.15384615384615383,53.972850678733025
PHENOBARBITAL,BACLOFEN,Product use issue,5,0.0008383635144198525,0.10638297872340426,52.87234042553191
LACOSAMIDE,PHENOBARBITAL,Premature delivery,2,0.00033534540576794097,0.10526315789473684,52.315789473684205
CLOBAZAM,MELATONIN,Product use issue,4,0.0006706908115358819,0.10526315789473684,52.315789473684205
CARBAMAZEPINE,GALANTAMINE,Cognitive disorder,2,0.00033534540576794097,0.11111111111111112,50.97435897435898
VALPROIC ACID,RISPERIDONE,Neuroleptic malignant syndrome,5,0.0008383635144198525,0.11111111111111112,50.97435897435898
TRIHEXYPHENIDYL,DIAZEPAM,Intentional overdose,3,0.0005030181086519115,0.13636363636363638,50.82954545454546
TOPIRAMATE,PHENOBARBITAL,Multiple-drug resistance,5,0.0008383635144198525,0.2380952380952381,50.714285714285715
ACYCLOVIR,MYCOPHENOLATE MOFETIL,Pneumocystis jirovecii pneumonia,2,0.00033534540576794097,0.14285714285714285,50.11764705882353
PREGABALIN,TIZANIDINE,Pain,2,0.00033534540576794097,0.13333333333333333,49.7
DULOXETINE,BACLOFEN,Suicidal ideation,5,0.0008383635144198525,0.2272727272727273,48.409090909090914
PREDNISOLONE,RITUXIMAB,Drug reaction with eosinophilia and systemic symptoms,4,0.0006706908115358819,0.23529411764705882,48.3894523326572
AZATHIOPRINE,RITUXIMAB,Product use in unapproved indication,4,0.0006706908115358819,0.5714285714285714,48.0
VALPROIC ACID,PREGABALIN,Serotonin syndrome,5,0.0008383635144198525,0.3125,47.78846153846153
CARBAMAZEPINE,RISPERIDONE,Thrombocytopenia,3,0.0005030181086519115,0.23076923076923078,47.45888594164457
ACYCLOVIR,METOCLOPRAMIDE,Cerebrovascular accident,2,0.00033534540576794097,0.11111111111111112,47.333333333333336
IBUPROFEN,PREGABALIN,Anxiety,2,0.00033534540576794097,0.13333333333333333,46.7764705882353
AMITRIPTYLINE,GALANTAMINE,Depressed level of consciousness,2,0.00033534540576794097,0.15384615384615383,45.87692307692307
DULOXETINE,PROPRANOLOL,Maternal exposure during pregnancy,2,0.00033534540576794097,0.3333333333333333,45.18181818181818
SUMATRIPTAN,TOPIRAMATE,Drug dependence,2,0.00033534540576794097,0.16666666666666666,45.18181818181818
AMANTADINE,PRAMIPEXOLE,Dyskinesia,3,0.0005030181086519115,0.10344827586206898,44.06896551724138
MELATONIN,PREGABALIN,Constipation,2,0.00033534540576794097,0.15384615384615383,43.692307692307686
IBUPROFEN,ZOPICLONE,Suicide attempt,3,0.0005030181086519115,0.23076923076923078,43.00961538461539
CANDESARTAN,PREDNISOLONE,Neutropenia,4,0.0006706908115358819,0.26666666666666666,42.983783783783785
LAMOTRIGINE,DOMPERIDONE,Vomiting,2,0.00033534540576794097,0.22222222222222224,42.752688172043015
LAMOTRIGINE,PROPRANOLOL,Suicidal ideation,2,0.00033534540576794097,0.19999999999999998,42.599999999999994
CYCLOSPORINE,ALEMTUZUMAB,Product use in unapproved indication,3,0.0005030181086519115,0.5,42.0
FINGOLIMOD,TERIFLUNOMIDE,Fatigue,2,0.00033534540576794097,0.18181818181818182,41.70629370629371
IBUPROFEN,CANDESARTAN,Acute kidney injury,2,0.00033534540576794097,0.25,41.41666666666667
CARBAMAZEPINE,GALANTAMINE,Pain,2,0.00033534540576794097,0.11111111111111112,41.41666666666667
TRIHEXYPHENIDYL,RISPERIDONE,Intentional overdose,2,0.00033534540576794097,0.11111111111111112,41.41666666666667
LEVETIRACETAM,PREGABALIN,Ischaemic stroke,7,0.0011737089201877935,0.16666666666666666,41.416666666666664
DIAZEPAM,HALOPERIDOL,Intentional overdose,3,0.0005030181086519115,0.10714285714285715,39.93750000000001
DULOXETINE,LEVETIRACETAM,Hyponatraemia,3,0.0005030181086519115,0.23076923076923078,39.323076923076925
ZOLPIDEM,PRAMIPEXOLE,Suicide attempt,4,0.0006706908115358819,0.21052631578947367,39.23684210526316
ZOPICLONE,PREGABALIN,Coma,4,0.0006706908115358819,0.10526315789473684,39.23684210526316
CLOBAZAM,RISPERIDONE,Somnolence,3,0.0005030181086519115,0.33333333333333337,38.98039215686275
PREDNISOLONE,LEVETIRACETAM,Anaemia,3,0.0005030181086519115,0.13043478260869568,38.89565217391305
HALOPERIDOL,PREGABALIN,Condition aggravated,2,0.00033534540576794097,0.5,38.72727272727273
NAPROXEN,DOMPERIDONE,Vomiting,2,0.00033534540576794097,0.19999999999999998,38.47741935483871
DULOXETINE,ZOPICLONE,Suicidal ideation,5,0.0008383635144198525,0.17857142857142858,38.035714285714285
DIAZEPAM,PREGABALIN,Anxiety,3,0.0005030181086519115,0.10714285714285715,37.58823529411765
CARBAMAZEPINE,AMITRIPTYLINE,Depressed level of consciousness,5,0.0008383635144198525,0.12195121951219512,36.36585365853659
CLOBAZAM,PROPRANOLOL,Nausea,4,0.0006706908115358819,0.26666666666666666,36.14545454545455
LAMOTRIGINE,ZOPICLONE,Intentional product misuse,4,0.0006706908115358819,0.10256410256410256,35.98190045248869
PHENYTOIN,VALPROIC ACID,Status epilepticus,4,0.0006706908115358819,0.11428571428571428,35.873684210526314
PREDNISOLONE,LEVETIRACETAM,Thrombocytopenia,4,0.0006706908115358819,0.17391304347826086,35.76611694152923
GABAPENTIN,LACOSAMIDE,Drug reaction with eosinophilia and systemic symptoms,4,0.0006706908115358819,0.17391304347826086,35.76611694152923
LAMOTRIGINE,PRAMIPEXOLE,Suicidal ideation,6,0.001006036217303823,0.16666666666666669,35.5
CLOBAZAM,RISPERIDONE,Seizure,2,0.00033534540576794097,0.22222222222222224,34.877192982456144
RISPERIDONE,LEVETIRACETAM,Seizure,2,0.00033534540576794097,0.22222222222222224,34.877192982456144
ZOLPIDEM,PREGABALIN,Drug interaction,2,0.00033534540576794097,0.25,34.674418604651166
CLOBAZAM,BACLOFEN,Drug dependence,6,0.001006036217303823,0.1276595744680851,34.6073500967118
DULOXETINE,BACLOFEN,Ischaemic stroke,3,0.0005030181086519115,0.13636363636363638,33.88636363636364
ZOLPIDEM,PRAMIPEXOLE,Suicidal ideation,3,0.0005030181086519115,0.15789473684210525,33.63157894736842
CANDESARTAN,AMITRIPTYLINE,Therapeutic product effect incomplete,2,0.00033534540576794097,0.16666666666666666,33.13333333333333
TOPIRAMATE,MEMANTINE,Therapeutic product effect incomplete,2,0.00033534540576794097,0.16666666666666666,33.13333333333333
CARBAMAZEPINE,GALANTAMINE,Depressed level of consciousness,2,0.00033534540576794097,0.11111111111111112,33.13333333333333
LAMOTRIGINE,ZONISAMIDE,Foetal exposure during pregnancy,6,0.001006036217303823,0.20689655172413796,32.471869328493646
TOPIRAMATE,PHENOBARBITAL,Hyponatraemia,4,0.0006706908115358819,0.19047619047619047,32.457142857142856
LAMOTRIGINE,DIAZEPAM,Drug reaction with eosinophilia and systemic symptoms,5,0.0008383635144198525,0.15625,32.133620689655174
CARBAMAZEPINE,PHENOBARBITAL,Dyspnoea,2,0.00033534540576794097,0.10526315789473684,31.38947368421052
TRIHEXYPHENIDYL,PRAMIPEXOLE,Somnolence,4,0.0006706908115358819,0.26666666666666666,31.184313725490195
LAMOTRIGINE,PRAMIPEXOLE,Suicide attempt,6,0.001006036217303823,0.16666666666666669,31.062500000000004
ACYCLOVIR,VANCOMYCIN,Rash,2,0.00033534540576794097,0.125,31.062499999999996
ZOPICLONE,CEFTRIAXONE,Condition aggravated,2,0.00033534540576794097,0.39999999999999997,30.981818181818177
DIAZEPAM,BACLOFEN,Depressed level of consciousness,3,0.0005030181086519115,0.10344827586206898,30.848275862068967
CARBAMAZEPINE,BACLOFEN,Fall,3,0.0005030181086519115,0.27272727272727276,30.689536878216128
ACYCLOVIR,METOCLOPRAMIDE,Confusional state,2,0.00033534540576794097,0.11111111111111112,30.121212121212125
GABAPENTIN,PHENOBARBITAL,Drug dependence,5,0.0008383635144198525,0.11111111111111112,30.121212121212125
DIAZEPAM,LEVETIRACETAM,Therapy non-responder,3,0.0005030181086519115,0.37500000000000006,29.820000000000004
TOPIRAMATE,MEMANTINE,Somnolence,3,0.0005030181086519115,0.25,29.235294117647058
TRIHEXYPHENIDYL,AMANTADINE,Somnolence,5,0.0008383635144198525,0.25,29.235294117647058
VALPROIC ACID,PHENOBARBITAL,Multiple-drug resistance,3,0.0005030181086519115,0.13636363636363638,29.04545454545455
NAPROXEN,LAMOTRIGINE,Vomiting,3,0.0005030181086519115,0.15,28.85806451612903
PHENOBARBITAL,BACLOFEN,Drug dependence,5,0.0008383635144198525,0.10638297872340426,28.8394584139265
DULOXETINE,ZOPICLONE,Overdose,4,0.0006706908115358819,0.14285714285714285,28.4
MYCOPHENOLATE MOFETIL,RITUXIMAB,COVID-19,2,0.00033534540576794097,0.14285714285714285,27.483870967741936
CEFTRIAXONE,LEVETIRACETAM,Neutropenia,3,0.0005030181086519115,0.16666666666666669,26.86486486486487
AMITRIPTYLINE,GALANTAMINE,Fall,3,0.0005030181086519115,0.23076923076923078,25.968069666182874
LAMOTRIGINE,PRAMIPEXOLE,Condition aggravated,12,0.002012072434607646,0.33333333333333337,25.81818181818182
CARBAMAZEPINE,RISPERIDONE,Acute kidney injury,2,0.00033534540576794097,0.15384615384615383,25.487179487179485
ZOLPIDEM,MEMANTINE,Off label use,2,0.00033534540576794097,1.0,25.271186440677965
METHYLPHENIDATE,MEMANTINE,Off label use,2,0.00033534540576794097,1.0,25.271186440677965
ZOLPIDEM,AMANTADINE,Off label use,2,0.00033534540576794097,1.0,25.271186440677965
LAMOTRIGINE,ZOLPIDEM,Suicidal ideation,6,0.001006036217303823,0.11764705882352941,25.058823529411764
CARBAMAZEPINE,LACOSAMIDE,Drug reaction with eosinophilia and systemic symptoms,4,0.0006706908115358819,0.12121212121212122,24.927899686520377
CANDESARTAN,CYCLOSPORINE,Neutropenia,2,0.00033534540576794097,0.15384615384615383,24.7983367983368
AMITRIPTYLINE,PREGABALIN,Serotonin syndrome,15,0.0025150905432595573,0.15957446808510636,24.402618657937804
CYCLOSPORINE,CEFTRIAXONE,Product use in unapproved indication,2,0.00033534540576794097,0.2857142857142857,24.0
TOPIRAMATE,ZONISAMIDE,Acute kidney injury,3,0.0005030181086519115,0.14285714285714288,23.66666666666667
PREDNISOLONE,LEVETIRACETAM,Condition aggravated,7,0.0011737089201877935,0.30434782608695654,23.57312252964427
ZOPICLONE,RIZATRIPTAN,Drug intolerance,2,0.00033534540576794097,0.15384615384615383,23.52662721893491
CANDESARTAN,TOPIRAMATE,Therapeutic product effect incomplete,2,0.00033534540576794097,0.11764705882352941,23.388235294117646
TOPIRAMATE,LEVETIRACETAM,Multiple-drug resistance,6,0.001006036217303823,0.1090909090909091,23.236363636363638
NAPROXEN,LAMOTRIGINE,Drug intolerance,3,0.0005030181086519115,0.15,22.938461538461535
DIAZEPAM,PROPRANOLOL,Therapy non-responder,2,0.00033534540576794097,0.2857142857142857,22.72
RISPERIDONE,RIVASTIGMINE,Drug ineffective for unapproved indication,3,0.0005030181086519115,0.2,22.505660377358492
PHENYTOIN,GABAPENTIN,Drug ineffective for unapproved indication,9,0.0015090543259557343,0.19999999999999998,22.50566037735849
PHENYTOIN,IBUPROFEN,Drug ineffective for unapproved indication,8,0.0013413816230717639,0.19999999999999998,22.50566037735849
ZONISAMIDE,CLOBAZAM,Foetal exposure during pregnancy,4,0.0006706908115358819,0.14285714285714285,22.421052631578945
CARBAMAZEPINE,GALANTAMINE,Overdose,2,0.00033534540576794097,0.11111111111111112,22.088888888888892
TRIHEXYPHENIDYL,HALOPERIDOL,Suicide attempt,2,0.00033534540576794097,0.11764705882352941,21.926470588235293
PROPRANOLOL,ZOPICLONE,Nausea,4,0.0006706908115358819,0.15999999999999998,21.687272727272724
CLOBAZAM,ZOPICLONE,Nausea,4,0.0006706908115358819,0.15999999999999998,21.687272727272724
IBUPROFEN,CANDESARTAN,Product use in unapproved indication,2,0.00033534540576794097,0.25,21.0
DULOXETINE,RISPERIDONE,Treatment failure,2,0.00033534540576794097,0.13333333333333333,20.926315789473684
CARBAMAZEPINE,PHENOBARBITAL,Overdose,2,0.00033534540576794097,0.10526315789473684,20.926315789473684
ACYCLOVIR,VANCOMYCIN,Acute kidney injury,2,0.00033534540576794097,0.125,20.708333333333336
TRIHEXYPHENIDYL,RISPERIDONE,Suicide attempt,2,0.00033534540576794097,0.11111111111111112,20.708333333333336
DOMPERIDONE,TOPIRAMATE,Vomiting,3,0.0005030181086519115,0.10714285714285715,20.612903225806452
ZOLPIDEM,PRAMIPEXOLE,Condition aggravated,5,0.0008383635144198525,0.2631578947368421,20.38277511961722
PYRIDOSTIGMINE,MYCOPHENOLATE MOFETIL,Therapy non-responder,2,0.00033534540576794097,0.25,19.88
GABAPENTIN,ZOPICLONE,COVID-19,3,0.0005030181086519115,0.1,19.238709677419354
CARBAMAZEPINE,AMITRIPTYLINE,Fall,7,0.0011737089201877935,0.17073170731707316,19.212149102623098
LAMOTRIGINE,DOMPERIDONE,Product use in unapproved indication,2,0.00033534540576794097,0.22222222222222224,18.666666666666668
LAMOTRIGINE,CLOBAZAM,Foetal exposure during pregnancy,11,0.0018443997317236754,0.11702127659574467,18.366181410974242
ACYCLOVIR,CEFTRIAXONE,Acute kidney injury,2,0.00033534540576794097,0.10526315789473684,17.438596491228072
ZOPICLONE,RIZATRIPTAN,Drug ineffective for unapproved indication,2,0.00033534540576794097,0.15384615384615383,17.31204644412191
LAMOTRIGINE,ETHOSUXIMIDE,Off label use,2,0.00033534540576794097,0.6666666666666666,16.847457627118644
NAPROXEN,DOMPERIDONE,Product use in unapproved indication,2,0.00033534540576794097,0.19999999999999998,16.8
DOMPERIDONE,TOPIRAMATE,Drug intolerance,3,0.0005030181086519115,0.10714285714285715,16.384615384615383
DULOXETINE,AMANTADINE,Drug interaction,2,0.00033534540576794097,0.11764705882352941,16.317373461012313
AMANTADINE,PRAMIPEXOLE,Somnolence,4,0.0006706908115358819,0.13793103448275862,16.129817444219064
RISPERIDONE,ZOPICLONE,Fall,6,0.001006036217303823,0.14285714285714288,16.07547169811321
GABAPENTIN,DULOXETINE,Serotonin syndrome,7,0.0011737089201877935,0.10447761194029852,15.977037887485649
ACYCLOVIR,VANCOMYCIN,Therapy non-responder,3,0.0005030181086519115,0.18750000000000003,14.910000000000002
CARBAMAZEPINE,PHENOBARBITAL,Drug interaction,2,0.00033534540576794097,0.10526315789473684,14.599755201958383
IBUPROFEN,GABAPENTIN,Drug ineffective for unapproved indication,8,0.0013413816230717639,0.12903225806451613,14.51978088861838
LACOSAMIDE,RISPERIDONE,Drug ineffective,2,0.00033534540576794097,1.0,14.405797101449275
ACYCLOVIR,AMANTADINE,Drug ineffective,3,0.0005030181086519115,1.0,14.405797101449275
AMANTADINE,CEFTRIAXONE,Drug ineffective,3,0.0005030181086519115,1.0,14.405797101449275
BENZTROPINE,ZOPICLONE,Drug ineffective,2,0.00033534540576794097,1.0,14.405797101449275
LAMOTRIGINE,HALOPERIDOL,Condition aggravated,2,0.00033534540576794097,0.18181818181818182,14.082644628099173
DIAZEPAM,ZOPICLONE,Fall,4,0.0006706908115358819,0.11428571428571428,12.860377358490565
ZOLPIDEM,PRAMIPEXOLE,Therapy non-responder,3,0.0005030181086519115,0.15789473684210525,12.555789473684209
ZOPICLONE,PREGABALIN,Fall,4,0.0006706908115358819,0.10526315789473684,11.845084409136046
PREGABALIN,TIZANIDINE,Condition aggravated,2,0.00033534540576794097,0.13333333333333333,10.327272727272726
IBUPROFEN,GABAPENTIN,Therapy non-responder,8,0.0013413816230717639,0.12903225806451613,10.260645161290322
ZOPICLONE,ZOLMITRIPTAN,Product use in unapproved indication,3,0.0005030181086519115,0.12,10.08
VALPROIC ACID,PROPRANOLOL,Drug ineffective,2,0.00033534540576794097,0.6666666666666666,9.603864734299517
OXCARBAZEPINE,NORTRIPTYLINE,Drug ineffective,2,0.00033534540576794097,0.6666666666666666,9.603864734299517
NORTRIPTYLINE,BACLOFEN,Drug ineffective,2,0.00033534540576794097,0.6666666666666666,9.603864734299517
NORTRIPTYLINE,PREGABALIN,Drug ineffective,2,0.00033534540576794097,0.6666666666666666,9.603864734299517
LAMOTRIGINE,ZOLPIDEM,Condition aggravated,6,0.001006036217303823,0.11764705882352941,9.11229946524064
LAMOTRIGINE,PRAMIPEXOLE,Therapy non-responder,4,0.0006706908115358819,0.11111111111111112,8.835555555555555
ZONISAMIDE,LEVETIRACETAM,Therapy non-responder,3,0.0005030181086519115,0.11111111111111112,8.835555555555555
PREDNISOLONE,AZATHIOPRINE,Therapy non-responder,20,0.00335345405767941,0.10869565217391305,8.643478260869566
RISPERIDONE,OXCARBAZEPINE,Off label use,2,0.00033534540576794097,0.3333333333333333,8.423728813559322
AMANTADINE,MEMANTINE,Off label use,2,0.00033534540576794097,0.2857142857142857,7.220338983050847
CLOBAZAM,PREGABALIN,Drug ineffective,2,0.00033534540576794097,0.5,7.202898550724638
DIAZEPAM,LACOSAMIDE,Drug ineffective,2,0.00033534540576794097,0.5,7.202898550724638
PHENYTOIN,TOPIRAMATE,Drug ineffective,9,0.0015090543259557343,0.4736842105263157,6.8237986270022875
RISPERIDONE,RIVASTIGMINE,Off label use,4,0.0006706908115358819,0.26666666666666666,6.738983050847457
PHENYTOIN,ZOPICLONE,Drug ineffective,4,0.0006706908115358819,0.4444444444444445,6.402576489533012
LACOSAMIDE,PHENOBARBITAL,Drug ineffective,8,0.0013413816230717639,0.42105263157894735,6.06559877955759
CARBAMAZEPINE,ZOPICLONE,Drug ineffective,2,0.00033534540576794097,0.39999999999999997,5.76231884057971
PHENYTOIN,IBUPROFEN,Drug ineffective,16,0.0026827632461435278,0.39999999999999997,5.76231884057971
PYRIDOSTIGMINE,AZATHIOPRINE,Drug ineffective,2,0.00033534540576794097,0.39999999999999997,5.76231884057971
PHENYTOIN,GABAPENTIN,Drug ineffective,17,0.002850435949027498,0.37777777777777777,5.442190016103059
GABAPENTIN,NORTRIPTYLINE,Drug ineffective,3,0.0005030181086519115,0.37500000000000006,5.402173913043479
MYCOPHENOLATE MOFETIL,PYRIDOSTIGMINE,Drug ineffective,3,0.0005030181086519115,0.37500000000000006,5.402173913043479
IBUPROFEN,GABAPENTIN,Off label use,13,0.0021797451374916165,0.20967741935483872,5.298797156916348
METOCLOPRAMIDE,ZOPICLONE,Drug ineffective,4,0.0006706908115358819,0.36363636363636365,5.238471673254282
PHENYTOIN,GABAPENTIN,Off label use,9,0.0015090543259557343,0.19999999999999998,5.054237288135592
GABAPENTIN,HALOPERIDOL,Off label use,2,0.00033534540576794097,0.19999999999999998,5.054237288135592
VALPROIC ACID,OXCARBAZEPINE,Drug ineffective,7,0.0011737089201877935,0.35,5.042028985507247
ACYCLOVIR,PREDNISOLONE,Off label use,3,0.0005030181086519115,0.18750000000000003,4.738347457627119
CANDESARTAN,TOPIRAMATE,Off label use,3,0.0005030181086519115,0.17647058823529413,4.459621136590229
GABAPENTIN,OXCARBAZEPINE,Drug ineffective,4,0.0006706908115358819,0.30769230769230765,4.432552954292085
IBUPROFEN,ZOPICLONE,Drug ineffective,4,0.0006706908115358819,0.30769230769230765,4.432552954292085
PHENYTOIN,IBUPROFEN,Off label use,7,0.0011737089201877935,0.175,4.422457627118644
LACOSAMIDE,ZONISAMIDE,Drug ineffective,7,0.0011737089201877935,0.30434782608695654,4.384373030875867
TOPIRAMATE,PREGABALIN,Drug ineffective,3,0.0005030181086519115,0.3,4.321739130434783
GABAPENTIN,LAMOTRIGINE,Drug ineffective,3,0.0005030181086519115,0.3,4.321739130434783
ZONISAMIDE,LEVETIRACETAM,Drug ineffective,8,0.0013413816230717639,0.2962962962962963,4.268384326355341
DULOXETINE,AMITRIPTYLINE,Drug ineffective,4,0.0006706908115358819,0.2857142857142857,4.115942028985507
GABAPENTIN,METOCLOPRAMIDE,Drug ineffective,2,0.00033534540576794097,0.2857142857142857,4.115942028985507
TOPIRAMATE,PROPRANOLOL,Off label use,3,0.0005030181086519115,0.15789473684210525,3.990187332738626
TOPIRAMATE,LACOSAMIDE,Drug ineffective,13,0.0021797451374916165,0.2765957446808511,3.9845821769966085
IBUPROFEN,GABAPENTIN,Drug ineffective,17,0.002850435949027498,0.27419354838709675,3.94997662459093
IBUPROFEN,LEVETIRACETAM,Drug ineffective,3,0.0005030181086519115,0.27272727272727276,3.9288537549407123
IBUPROFEN,PREGABALIN,Drug ineffective,4,0.0006706908115358819,0.26666666666666666,3.841545893719807
PHENYTOIN,LACOSAMIDE,Drug ineffective,12,0.002012072434607646,0.2553191489361702,3.6780758556891766
ACYCLOVIR,MYCOPHENOLATE MOFETIL,Off label use,2,0.00033534540576794097,0.14285714285714285,3.6101694915254234
GABAPENTIN,AMANTADINE,Off label use,2,0.00033534540576794097,0.14285714285714285,3.6101694915254234
VALPROIC ACID,AMITRIPTYLINE,Drug ineffective,3,0.0005030181086519115,0.25,3.601449275362319
OXCARBAZEPINE,BACLOFEN,Drug ineffective,2,0.00033534540576794097,0.25,3.601449275362319
ACYCLOVIR,LEVETIRACETAM,Drug ineffective,2,0.00033534540576794097,0.25,3.601449275362319
LACOSAMIDE,PREGABALIN,Drug ineffective,3,0.0005030181086519115,0.25,3.601449275362319
DIAZEPAM,LEVETIRACETAM,Drug ineffective,2,0.00033534540576794097,0.25,3.601449275362319
IBUPROFEN,DULOXETINE,Drug ineffective,2,0.00033534540576794097,0.25,3.601449275362319
GABAPENTIN,RISPERIDONE,Off label use,3,0.0005030181086519115,0.13636363636363638,3.4460708782742686
LACOSAMIDE,CLOBAZAM,Drug ineffective,21,0.0035211267605633804,0.23863636363636365,3.437747035573123
LEVETIRACETAM,PREGABALIN,Drug ineffective,10,0.001676727028839705,0.2380952380952381,3.4299516908212566
TOPIRAMATE,ZONISAMIDE,Drug ineffective,5,0.0008383635144198525,0.2380952380952381,3.4299516908212566
TOPIRAMATE,LEVETIRACETAM,Drug ineffective,13,0.0021797451374916165,0.23636363636363636,3.4050065876152833
CLOBAZAM,MELATONIN,Off label use,5,0.0008383635144198525,0.13157894736842105,3.325156110615522
CLOBAZAM,OXCARBAZEPINE,Drug ineffective,9,0.0015090543259557343,0.23076923076923075,3.3244147157190636
VALPROIC ACID,PHENOBARBITAL,Drug ineffective,5,0.0008383635144198525,0.2272727272727273,3.2740447957839267
VALPROIC ACID,LACOSAMIDE,Drug ineffective,18,0.0030181086519114686,0.22499999999999998,3.241304347826087
ACYCLOVIR,PREGABALIN,Drug ineffective,2,0.00033534540576794097,0.22222222222222224,3.201288244766506
RISPERIDONE,LEVETIRACETAM,Drug ineffective,2,0.00033534540576794097,0.22222222222222224,3.201288244766506
CARBAMAZEPINE,LACOSAMIDE,Drug ineffective,7,0.0011737089201877935,0.21212121212121213,3.055775142731665
ACYCLOVIR,CEFTRIAXONE,Drug ineffective,4,0.0006706908115358819,0.21052631578947367,3.032799389778795
CARBAMAZEPINE,CLOBAZAM,Off label use,3,0.0005030181086519115,0.12,3.032542372881356
CARBAMAZEPINE,TOPIRAMATE,Off label use,2,0.00033534540576794097,0.11764705882352941,2.9730807577268195
PHENYTOIN,PHENOBARBITAL,Off label use,2,0.00033534540576794097,0.11764705882352941,2.9730807577268195
DULOXETINE,AMANTADINE,Off label use,2,0.00033534540576794097,0.11764705882352941,2.9730807577268195
PHENOBARBITAL,LEVETIRACETAM,Drug ineffective,13,0.0021797451374916165,0.20634920634920637,2.9726247987117556
VALPROIC ACID,TOPIRAMATE,Drug ineffective,9,0.0015090543259557343,0.20454545454545453,2.9466403162055337
TOPIRAMATE,AMITRIPTYLINE,Drug ineffective,5,0.0008383635144198525,0.19999999999999998,2.881159420289855
PHENYTOIN,LEVETIRACETAM,Drug ineffective,17,0.002850435949027498,0.19999999999999998,2.881159420289855
RISPERIDONE,MEMANTINE,Drug ineffective,2,0.00033534540576794097,0.19999999999999998,2.881159420289855
PHENOBARBITAL,LEVETIRACETAM,Off label use,7,0.0011737089201877935,0.11111111111111112,2.8079096045197742
VALPROIC ACID,LEVETIRACETAM,Drug ineffective,27,0.004527162977867203,0.19424460431654678,2.798248357835471
OXCARBAZEPINE,LEVETIRACETAM,Drug ineffective,14,0.002347417840375587,0.1891891891891892,2.7254210732471607
MELATONIN,PHENOBARBITAL,Off label use,4,0.0006706908115358819,0.10526315789473684,2.660124888492417
VALPROIC ACID,HALOPERIDOL,Drug ineffective,4,0.0006706908115358819,0.18181818181818182,2.619235836627141
LAMOTRIGINE,HALOPERIDOL,Drug ineffective,2,0.00033534540576794097,0.18181818181818182,2.619235836627141
AMANTADINE,PRAMIPEXOLE,Off label use,3,0.0005030181086519115,0.10344827586206898,2.614260666277031
LACOSAMIDE,LEVETIRACETAM,Drug ineffective,52,0.008718980549966466,0.17993079584775087,2.592046537284991
VALPROIC ACID,CLOBAZAM,Drug ineffective,12,0.002012072434607646,0.17910447761194032,2.5801427644386767
LACOSAMIDE,OXCARBAZEPINE,Drug ineffective,8,0.0013413816230717639,0.17777777777777778,2.5610305958132047
PHENYTOIN,VALPROIC ACID,Drug ineffective,6,0.001006036217303823,0.17142857142857146,2.4695652173913047
GABAPENTIN,TOPIRAMATE,Drug ineffective,2,0.00033534540576794097,0.16666666666666666,2.4009661835748792
TOPIRAMATE,MEMANTINE,Drug ineffective,2,0.00033534540576794097,0.16666666666666666,2.4009661835748792
PHENYTOIN,CLOBAZAM,Drug ineffective,7,0.0011737089201877935,0.16279069767441862,2.3451297607010453
TOPIRAMATE,CLOBAZAM,Drug ineffective,10,0.001676727028839705,0.16129032258064516,2.323515661524077
CARBAMAZEPINE,CLOBAZAM,Drug ineffective,4,0.0006706908115358819,0.15999999999999998,2.304927536231884
ZOLPIDEM,PRAMIPEXOLE,Drug ineffective,3,0.0005030181086519115,0.15789473684210525,2.274599542334096
GABAPENTIN,PHENOBARBITAL,Drug ineffective,7,0.0011737089201877935,0.15555555555555556,2.240901771336554
PHENYTOIN,OXCARBAZEPINE,Drug ineffective,2,0.00033534540576794097,0.15384615384615383,2.2162764771460424
DULOXETINE,LEVETIRACETAM,Drug ineffective,2,0.00033534540576794097,0.15384615384615383,2.2162764771460424
CARBAMAZEPINE,ZONISAMIDE,Drug ineffective,2,0.00033534540576794097,0.15384615384615383,2.2162764771460424
CLOBAZAM,LEVETIRACETAM,Drug ineffective,26,0.004359490274983233,0.15294117647058825,2.2032395566922425
CLOBAZAM,BACLOFEN,Drug ineffective,7,0.0011737089201877935,0.14893617021276595,2.1455442491520196
PHENOBARBITAL,BACLOFEN,Drug ineffective,7,0.0011737089201877935,0.14893617021276595,2.1455442491520196
OXCARBAZEPINE,PREGABALIN,Drug ineffective,4,0.0006706908115358819,0.14814814814814814,2.1341921631776706
ZONISAMIDE,CLOBAZAM,Drug ineffective,4,0.0006706908115358819,0.14285714285714285,2.0579710144927534
VALPROIC ACID,ZONISAMIDE,Drug ineffective,2,0.00033534540576794097,0.14285714285714285,2.0579710144927534
CLOBAZAM,PHENOBARBITAL,Drug ineffective,10,0.001676727028839705,0.14084507042253522,2.028985507246377
LAMOTRIGINE,PRAMIPEXOLE,Drug ineffective,5,0.0008383635144198525,0.1388888888888889,2.000805152979066
TOPIRAMATE,OXCARBAZEPINE,Drug ineffective,4,0.0006706908115358819,0.13793103448275862,1.9870064967516243
LAMOTRIGINE,ZONISAMIDE,Drug ineffective,4,0.0006706908115358819,0.13793103448275862,1.9870064967516243
GABAPENTIN,CLOBAZAM,Drug ineffective,7,0.0011737089201877935,0.1346153846153846,1.939241917502787
CANDESARTAN,PREDNISOLONE,Drug ineffective,2,0.00033534540576794097,0.13333333333333333,1.9207729468599035
GABAPENTIN,ZOPICLONE,Drug ineffective,4,0.0006706908115358819,0.13333333333333333,1.9207729468599035
RISPERIDONE,RIVASTIGMINE,Drug ineffective,2,0.00033534540576794097,0.13333333333333333,1.9207729468599035
CLOBAZAM,MELATONIN,Drug ineffective,5,0.0008383635144198525,0.13157894736842105,1.8954996186117468
VALPROIC ACID,DIAZEPAM,Drug ineffective,5,0.0008383635144198525,0.13157894736842105,1.8954996186117468
MELATONIN,PHENOBARBITAL,Drug ineffective,5,0.0008383635144198525,0.13157894736842105,1.8954996186117468
VALPROIC ACID,CARBAMAZEPINE,Drug ineffective,3,0.0005030181086519115,0.13043478260869568,1.8790170132325146
GABAPENTIN,LACOSAMIDE,Drug ineffective,3,0.0005030181086519115,0.13043478260869568,1.8790170132325146
GABAPENTIN,DIAZEPAM,Drug ineffective,5,0.0008383635144198525,0.1282051282051282,1.8468970642883686
CARBAMAZEPINE,LEVETIRACETAM,Drug ineffective,7,0.0011737089201877935,0.12727272727272726,1.8334650856389987
MYCOPHENOLATE MOFETIL,AZATHIOPRINE,Drug ineffective,12,0.002012072434607646,0.12631578947368421,1.819679633867277
VALPROIC ACID,LAMOTRIGINE,Drug ineffective,7,0.0011737089201877935,0.125,1.8007246376811594
VALPROIC ACID,PREGABALIN,Drug ineffective,2,0.00033534540576794097,0.125,1.8007246376811594
LAMOTRIGINE,RISPERIDONE,Drug ineffective,6,0.001006036217303823,0.12,1.728695652173913
PREDNISOLONE,CYCLOSPORINE,Drug ineffective,20,0.00335345405767941,0.11976047904191617,1.7252451618502127
CANDESARTAN,TOPIRAMATE,Drug ineffective,2,0.00033534540576794097,0.11764705882352941,1.6947996589940324
CARBAMAZEPINE,TOPIRAMATE,Drug ineffective,2,0.00033534540576794097,0.11764705882352941,1.6947996589940324
LAMOTRIGINE,ZOLPIDEM,Drug ineffective,6,0.001006036217303823,0.11764705882352941,1.6947996589940324
PHENYTOIN,PHENOBARBITAL,Drug ineffective,2,0.00033534540576794097,0.11764705882352941,1.6947996589940324
MELATONIN,BACLOFEN,Drug ineffective,5,0.0008383635144198525,0.11627906976744186,1.6750926862150322
GABAPENTIN,BACLOFEN,Drug ineffective,12,0.002012072434607646,0.1142857142857143,1.646376811594203
PHENYTOIN,CARBAMAZEPINE,Drug ineffective,4,0.0006706908115358819,0.11428571428571428,1.646376811594203
VANCOMYCIN,CEFTRIAXONE,Drug ineffective,5,0.0008383635144198525,0.11363636363636365,1.6370223978919634
CARBAMAZEPINE,LAMOTRIGINE,Drug ineffective,4,0.0006706908115358819,0.11111111111111112,1.600644122383253
VALPROIC ACID,RISPERIDONE,Drug ineffective,5,0.0008383635144198525,0.11111111111111112,1.600644122383253
OXCARBAZEPINE,PHENOBARBITAL,Drug ineffective,2,0.00033534540576794097,0.11111111111111112,1.600644122383253
DULOXETINE,PREGABALIN,Drug ineffective,8,0.0013413816230717639,0.10526315789473684,1.5163996948893974
