antecedents,consequents,antecedent support,consequent support,support,confidence,lift,representativity,leverage,conviction,zhangs_metric,jaccard,certainty,kulczynski,case_count,antecedents_str,consequents_str
"frozenset({'VANCOMYCIN', 'RITUXIMAB'})",frozenset({'Quadriparesis'}),0.001006036217303823,0.0011737089201877935,0.001006036217303823,1.0,852.0,1.0,0.0010048554236215415,inf,0.9998321584424302,0.8571428571428572,1.0,0.9285714285714286,6,"VANCOMYCIN, RITUXIMAB",Quadriparesis
"frozenset({'PREDNISOLONE', 'MELATONIN'})",frozenset({'Epistaxis'}),0.001676727028839705,0.0008383635144198525,0.0008383635144198525,0.5,596.4,1.0,0.0008369578076552317,1.9983232729711602,1.0,0.5000000000000001,0.49958046652122845,0.75,5,"PREDNISOLONE, MELATONIN",Epistaxis
"frozenset({'METOCLOPRAMIDE', 'CYCLOSPORINE'})",frozenset({'Cardiac failure'}),0.0015090543259557343,0.0018443997317236754,0.0015090543259557343,1.0,542.1818181818181,1.0,0.001506271026561785,inf,0.999664147774979,0.8181818181818182,1.0,0.9090909090909091,9,"METOCLOPRAMIDE, CYCLOSPORINE",Cardiac failure
"frozenset({'ACYCLOVIR', 'IBUPROFEN'})",frozenset({'Hepatitis acute'}),0.0011737089201877935,0.0013413816230717639,0.0008383635144198525,0.7142857142857143,532.5,1.0,0.0008367891228434771,3.495305164319249,0.9992949471210341,0.5000000000000001,0.7139019476158496,0.6696428571428572,5,"ACYCLOVIR, IBUPROFEN",Hepatitis acute
"frozenset({'METOCLOPRAMIDE', 'PREDNISOLONE'})",frozenset({'Thrombotic microangiopathy'}),0.001676727028839705,0.002012072434607646,0.001676727028839705,1.0,496.99999999999994,1.0,0.0016733533326046151,inf,0.9996640913671482,0.8333333333333333,1.0,0.9166666666666666,10,"METOCLOPRAMIDE, PREDNISOLONE",Thrombotic microangiopathy
"frozenset({'ZOPICLONE', 'RIZATRIPTAN'})",frozenset({'Dysphonia'}),0.0021797451374916165,0.0008383635144198525,0.0008383635144198525,0.38461538461538464,458.7692307692308,1.0,0.0008365360956258454,1.6236376592890676,1.0,0.38461538461538464,0.384099035718435,0.6923076923076923,5,"ZOPICLONE, RIZATRIPTAN",Dysphonia
"frozenset({'MYCOPHENOLATE MOFETIL', 'LEVETIRACETAM'})",frozenset({'Venoocclusive liver disease'}),0.0026827632461435278,0.0008383635144198525,0.0008383635144198525,0.3125,372.75,1.0,0.0008361143835964592,1.4533260167062982,1.0,0.3125,0.31192314146668904,0.65625,5,"MYCOPHENOLATE MOFETIL, LEVETIRACETAM",Venoocclusive liver disease
"frozenset({'LEVETIRACETAM', 'CEFTRIAXONE'})",frozenset({'Purpura'}),0.0030181086519114686,0.0015090543259557343,0.0015090543259557343,0.5,331.33333333333337,1.0,0.001504499836038363,1.9969818913480886,1.0,0.49999999999999994,0.49924433249370276,0.75,9,"LEVETIRACETAM, CEFTRIAXONE",Purpura
"frozenset({'ACYCLOVIR', 'AMPHOTERICIN B'})",frozenset({'Renal tubular disorder'}),0.0031857813547954395,0.001676727028839705,0.001676727028839705,0.5263157894736842,313.89473684210526,1.0,0.001671385343134146,2.107571354050227,1.0,0.5263157894736843,0.5255202163958771,0.763157894736842,10,"ACYCLOVIR, AMPHOTERICIN B",Renal tubular disorder
"frozenset({'DIAZEPAM', 'METHYLPHENIDATE'})",frozenset({'Pulmonary embolism'}),0.0015090543259557343,0.004024144869215292,0.001006036217303823,0.6666666666666667,165.66666666666666,1.0,0.000999963564080661,2.9879275653923547,0.9954659949622164,0.22222222222222224,0.6653198653198654,0.45833333333333337,6,"DIAZEPAM, METHYLPHENIDATE",Pulmonary embolism
"frozenset({'CARBAMAZEPINE', 'LAMOTRIGINE'})",frozenset({'BRASH syndrome'}),0.006036217303822937,0.0008383635144198525,0.0008383635144198525,0.1388888888888889,165.66666666666666,1.0,0.0008333029700672176,1.1603167391445446,1.0000000000000002,0.1388888888888889,0.13816635900878224,0.5694444444444444,5,"CARBAMAZEPINE, LAMOTRIGINE",BRASH syndrome
"frozenset({'MYCOPHENOLATE MOFETIL', 'ECULIZUMAB'})",frozenset({'COVID-19'}),0.0011737089201877935,0.005197853789403085,0.001006036217303823,0.8571428571428572,164.90322580645162,1.0,0.0009999354499453687,6.963615023474182,0.9951037994516255,0.18750000000000003,0.8563964267655487,0.5253456221198157,6,"MYCOPHENOLATE MOFETIL, ECULIZUMAB",COVID-19
"frozenset({'DULOXETINE', 'ZOPICLONE'})",frozenset({'Dementia'}),0.004694835680751174,0.0021797451374916165,0.001676727028839705,0.35714285714285715,163.84615384615384,1.0,0.0016664934835932655,1.5521648408972353,0.9985849056603774,0.3225806451612903,0.3557385313392707,0.5631868131868132,10,"DULOXETINE, ZOPICLONE",Dementia
"frozenset({'ZOPICLONE', 'PREGABALIN'})",frozenset({'Acquired haemophilia'}),0.006371562709590879,0.001676727028839705,0.001676727028839705,0.2631578947368421,156.94736842105263,1.0,0.0016660436574285867,1.3548672990322888,0.9999999999999999,0.2631578947368421,0.26192033661580894,0.631578947368421,10,"ZOPICLONE, PREGABALIN",Acquired haemophilia
"frozenset({'LAMOTRIGINE', 'BENZTROPINE'})",frozenset({'Cardiac arrest'}),0.0026827632461435278,0.00335345405767941,0.0013413816230717639,0.5,149.1,1.0,0.0013323850997781907,1.9932930918846412,0.995965030262273,0.2857142857142857,0.49831763122476447,0.44999999999999996,8,"LAMOTRIGINE, BENZTROPINE",Cardiac arrest
"frozenset({'DULOXETINE', 'RISPERIDONE'})",frozenset({'Encephalopathy'}),0.0025150905432595573,0.002347417840375587,0.0008383635144198525,0.33333333333333337,142.0,1.0,0.0008324595460084451,1.4964788732394367,0.9954614220877459,0.20833333333333331,0.331764705882353,0.34523809523809523,5,"DULOXETINE, RISPERIDONE",Encephalopathy
"frozenset({'METOCLOPRAMIDE', 'ZOPICLONE'})",frozenset({'Ischaemic stroke'}),0.0018443997317236754,0.004024144869215292,0.001006036217303823,0.5454545454545455,135.54545454545456,1.0,0.0009986140855866251,2.1911468812877266,0.9944565765160424,0.20689655172413796,0.5436179981634528,0.39772727272727276,6,"METOCLOPRAMIDE, ZOPICLONE",Ischaemic stroke
"frozenset({'GABAPENTIN', 'LEVETIRACETAM'})",frozenset({'Purpura'}),0.007377598926894702,0.0015090543259557343,0.0015090543259557343,0.20454545454545453,135.54545454545453,1.0,0.0014979211283799375,1.2552457602759415,1.0,0.2045454545454545,0.20334325623998165,0.6022727272727273,9,"GABAPENTIN, LEVETIRACETAM",Purpura
"frozenset({'PHENYTOIN', 'GABAPENTIN'})",frozenset({'Inspiratory capacity decreased'}),0.007545271629778672,0.002012072434607646,0.002012072434607646,0.26666666666666666,132.53333333333333,1.0,0.0019968908015497414,1.360892628498262,1.0,0.26666666666666666,0.26518817204301076,0.6333333333333333,12,"PHENYTOIN, GABAPENTIN",Inspiratory capacity decreased
"frozenset({'BENZTROPINE', 'MELATONIN'})",frozenset({'Cardiac arrest'}),0.0026827632461435278,0.00335345405767941,0.0011737089201877935,0.4375,130.4625,1.0,0.0011647123968942202,1.7718160816752366,0.9950043231818618,0.2413793103448276,0.43560733512786004,0.39375,7,"BENZTROPINE, MELATONIN",Cardiac arrest
"frozenset({'PHENYTOIN', 'IBUPROFEN'})",frozenset({'Inspiratory capacity decreased'}),0.00670690811535882,0.002012072434607646,0.001676727028839705,0.25,124.24999999999999,1.0,0.0016632322438993451,1.3306505700871898,0.9986495611073599,0.2380952380952381,0.24848790322580644,0.5416666666666666,10,"PHENYTOIN, IBUPROFEN",Inspiratory capacity decreased
"frozenset({'LAMOTRIGINE', 'MELATONIN'})",frozenset({'Cardiac arrest'}),0.005700871898054996,0.00335345405767941,0.002347417840375587,0.411764705882353,122.78823529411765,1.0,0.002328300228376744,1.6942991281019453,0.9975427607805349,0.35,0.4097854484997229,0.5558823529411765,14,"LAMOTRIGINE, MELATONIN",Cardiac arrest
"frozenset({'GABAPENTIN', 'AMITRIPTYLINE'})",frozenset({'Anal incontinence'}),0.007042253521126761,0.0011737089201877935,0.001006036217303823,0.14285714285714288,121.71428571428572,1.0,0.0009977706615278527,1.1652973395931143,0.9988179669030732,0.13953488372093023,0.14184992445862013,0.5,6,"GABAPENTIN, AMITRIPTYLINE",Anal incontinence
"frozenset({'ACYCLOVIR', 'METOCLOPRAMIDE'})",frozenset({'Inappropriate antidiuretic hormone secretion'}),0.0030181086519114686,0.002347417840375587,0.0008383635144198525,0.2777777777777778,118.33333333333334,1.0,0.0008312787523261636,1.38136511375948,0.9945509586276488,0.18518518518518517,0.27607843137254906,0.31746031746031744,5,"ACYCLOVIR, METOCLOPRAMIDE",Inappropriate antidiuretic hormone secretion
"frozenset({'BENZTROPINE', 'MELATONIN'})",frozenset({'Death'}),0.0026827632461435278,0.0031857813547954395,0.001006036217303823,0.37500000000000006,117.71052631578948,1.0,0.0009974895201749286,1.5949027498323274,0.9941717103788391,0.20689655172413796,0.37300252312867965,0.3453947368421053,6,"BENZTROPINE, MELATONIN",Death
"frozenset({'BENZTROPINE', 'LAMOTRIGINE'})",frozenset({'Death'}),0.0026827632461435278,0.0031857813547954395,0.001006036217303823,0.37500000000000006,117.71052631578948,1.0,0.0009974895201749286,1.5949027498323274,0.9941717103788391,0.20689655172413796,0.37300252312867965,0.3453947368421053,6,"BENZTROPINE, LAMOTRIGINE",Death
"frozenset({'ACYCLOVIR', 'CEFTRIAXONE'})",frozenset({'Stevens-Johnson syndrome'}),0.0031857813547954395,0.002850435949027498,0.001006036217303823,0.3157894736842105,110.78637770897832,1.0,0.0009969553516043727,1.457372439766806,0.9941407345107934,0.2,0.3138336003115237,0.33436532507739936,6,"ACYCLOVIR, CEFTRIAXONE",Stevens-Johnson syndrome
"frozenset({'CANDESARTAN', 'AZATHIOPRINE'})",frozenset({'Obstructive airways disorder'}),0.009892689470154259,0.0011737089201877935,0.0011737089201877935,0.11864406779661017,101.08474576271186,1.0,0.0011620977823120254,1.1332836764174794,1.0,0.11864406779661017,0.11760839690095401,0.559322033898305,7,"CANDESARTAN, AZATHIOPRINE",Obstructive airways disorder
"frozenset({'GABAPENTIN', 'AMANTADINE'})",frozenset({'Serotonin syndrome'}),0.002347417840375587,0.006539235412474849,0.0015090543259557343,0.6428571428571428,98.30769230769229,1.0,0.001493704008086075,2.78169014084507,0.9921568627450981,0.2045454545454545,0.640506329113924,0.43681318681318676,9,"GABAPENTIN, AMANTADINE",Serotonin syndrome
"frozenset({'LAMOTRIGINE', 'MELATONIN'})",frozenset({'Death'}),0.005700871898054996,0.0031857813547954395,0.001676727028839705,0.29411764705882354,92.3219814241486,1.0,0.001658565297440804,1.41215347641404,0.9948397976391231,0.23255813953488372,0.29186167318062634,0.41021671826625383,10,"LAMOTRIGINE, MELATONIN",Death
"frozenset({'RISPERIDONE', 'RIVASTIGMINE'})",frozenset({'Parkinsonism'}),0.0025150905432595573,0.003688799463447351,0.0008383635144198525,0.33333333333333337,90.36363636363637,1.0,0.0008290858497733551,1.494466800804829,0.9914271306101866,0.15625,0.3308650286098957,0.28030303030303033,5,"RISPERIDONE, RIVASTIGMINE",Parkinsonism
"frozenset({'LAMOTRIGINE', 'ZOPICLONE'})",frozenset({'Cerebrovascular accident'}),0.006539235412474849,0.002347417840375587,0.0013413816230717639,0.20512820512820512,87.38461538461537,1.0,0.0013260313052021046,1.2551113130395273,0.9950632911392404,0.17777777777777776,0.2032579185520362,0.38827838827838823,8,"LAMOTRIGINE, ZOPICLONE",Cerebrovascular accident
"frozenset({'ZOPICLONE', 'BACLOFEN'})",frozenset({'Suicidal ideation'}),0.0038564721663313212,0.004694835680751174,0.0015090543259557343,0.3913043478260869,83.34782608695652,1.0,0.0014909488228274181,1.6351441985244801,0.9918270399670837,0.21428571428571425,0.38843314191960615,0.35636645962732916,9,"ZOPICLONE, BACLOFEN",Suicidal ideation
"frozenset({'OXCARBAZEPINE', 'PREGABALIN'})",frozenset({'Parkinsonism'}),0.004527162977867203,0.003688799463447351,0.0013413816230717639,0.2962962962962963,80.32323232323232,1.0,0.0013246818267080686,1.4158106533940484,0.9920414350682162,0.19512195121951215,0.2936908635326676,0.32996632996632996,8,"OXCARBAZEPINE, PREGABALIN",Parkinsonism
"frozenset({'IBUPROFEN', 'GABAPENTIN'})",frozenset({'Inspiratory capacity decreased'}),0.01039570757880617,0.002012072434607646,0.001676727028839705,0.16129032258064516,80.16129032258064,1.0,0.0016558101121821472,1.1899086828664294,0.9978990172822771,0.15625,0.1595993756503642,0.4973118279569892,10,"IBUPROFEN, GABAPENTIN",Inspiratory capacity decreased
"frozenset({'MYCOPHENOLATE MOFETIL', 'ALEMTUZUMAB'})",frozenset({'Cytomegalovirus infection reactivation'}),0.007042253521126761,0.0038564721663313212,0.002012072434607646,0.28571428571428575,74.08695652173914,1.0,0.001984914179915172,1.3946009389671363,0.9934988179669031,0.22641509433962265,0.2829489984851035,0.40372670807453426,12,"MYCOPHENOLATE MOFETIL, ALEMTUZUMAB",Cytomegalovirus infection reactivation
"frozenset({'DIAZEPAM', 'ZOPICLONE'})",frozenset({'Myocardial infarction'}),0.005868544600938967,0.002347417840375587,0.001006036217303823,0.17142857142857146,73.02857142857144,1.0,0.000992260291010539,1.204063461227133,0.992129083038174,0.13953488372093023,0.16947899159663868,0.30000000000000004,6,"DIAZEPAM, ZOPICLONE",Myocardial infarction
"frozenset({'TOPIRAMATE', 'OXCARBAZEPINE'})",frozenset({'Hypokalaemia'}),0.004862508383635144,0.002850435949027498,0.001006036217303823,0.20689655172413796,72.5841784989858,1.0,0.0009921759486046617,1.257275537281661,0.991041842179163,0.15000000000000002,0.20462939876959116,0.2799188640973631,6,"TOPIRAMATE, OXCARBAZEPINE",Hypokalaemia
"frozenset({'DULOXETINE', 'AMANTADINE'})",frozenset({'Serotonin syndrome'}),0.002850435949027498,0.006539235412474849,0.0013413816230717639,0.47058823529411764,71.96380090497738,1.0,0.0013227419513728918,1.8765369997764365,0.9889229863796872,0.16666666666666666,0.46710349962769915,0.3378582202111614,8,"DULOXETINE, AMANTADINE",Serotonin syndrome
"frozenset({'PREGABALIN', 'BACLOFEN'})",frozenset({'Altered state of consciousness'}),0.008886653252850436,0.001676727028839705,0.001006036217303823,0.11320754716981132,67.51698113207547,1.0,0.0009911357255988425,1.1257687971802446,0.9940224440309028,0.10526315789473685,0.11171814096754362,0.35660377358490564,6,"PREGABALIN, BACLOFEN",Altered state of consciousness
"frozenset({'MELATONIN', 'PHENOBARBITAL'})",frozenset({'Product use issue'}),0.006371562709590879,0.002012072434607646,0.0008383635144198525,0.13157894736842105,65.39473684210526,1.0,0.0008255434687265107,1.1491982196207549,0.9910226122173472,0.1111111111111111,0.1298280984719864,0.2741228070175438,5,"MELATONIN, PHENOBARBITAL",Product use issue
"frozenset({'PREDNISOLONE', 'LEVETIRACETAM'})",frozenset({'Hepatic cytolysis'}),0.0038564721663313212,0.00335345405767941,0.0008383635144198525,0.2173913043478261,64.82608695652175,1.0,0.000825431012185341,1.2734928087040764,0.9883857936374348,0.13157894736842105,0.21475803148224004,0.23369565217391305,5,"PREDNISOLONE, LEVETIRACETAM",Hepatic cytolysis
"frozenset({'PHENOBARBITAL', 'BACLOFEN'})",frozenset({'Product prescribing error'}),0.007880617035546614,0.001676727028839705,0.0008383635144198525,0.10638297872340426,63.4468085106383,1.0,0.0008251498708324169,1.1171712816582033,0.9920567855332095,0.09615384615384616,0.10488211036385336,0.30319148936170215,5,"PHENOBARBITAL, BACLOFEN",Product prescribing error
"frozenset({'CLOBAZAM', 'BACLOFEN'})",frozenset({'Product prescribing error'}),0.007880617035546614,0.001676727028839705,0.0008383635144198525,0.10638297872340426,63.4468085106383,1.0,0.0008251498708324169,1.1171712816582033,0.9920567855332095,0.09615384615384616,0.10488211036385336,0.30319148936170215,5,"CLOBAZAM, BACLOFEN",Product prescribing error
"frozenset({'MELATONIN', 'BACLOFEN'})",frozenset({'Product use issue'}),0.007209926224010731,0.002012072434607646,0.0008383635144198525,0.11627906976744186,57.7906976744186,1.0,0.0008238566206089657,1.1293021285608387,0.9898327985137645,0.09999999999999999,0.1144973743435859,0.26647286821705424,5,"MELATONIN, BACLOFEN",Product use issue
"frozenset({'GABAPENTIN', 'DULOXETINE'})",frozenset({'Cholestatic liver injury'}),0.011234071093226022,0.0018443997317236754,0.0011737089201877935,0.10447761194029852,56.645861601085485,1.0,0.0011529888024772827,1.1146070869662419,0.9935075946607235,0.09859154929577466,0.10282285866150519,0.3704206241519674,7,"GABAPENTIN, DULOXETINE",Cholestatic liver injury
"frozenset({'GABAPENTIN', 'PHENOBARBITAL'})",frozenset({'Product use issue'}),0.007545271629778672,0.002012072434607646,0.0008383635144198525,0.11111111111111112,55.22222222222222,1.0,0.0008231818813619477,1.1227364185110664,0.9893563101875318,0.09615384615384616,0.10931899641577061,0.2638888888888889,5,"GABAPENTIN, PHENOBARBITAL",Product use issue
"frozenset({'PHENOBARBITAL', 'BACLOFEN'})",frozenset({'Product use issue'}),0.007880617035546614,0.002012072434607646,0.0008383635144198525,0.10638297872340426,52.87234042553191,1.0,0.0008225071421149297,1.1167960141803202,0.9888794997464933,0.09259259259259259,0.10458133150308854,0.26152482269503546,5,"PHENOBARBITAL, BACLOFEN",Product use issue
"frozenset({'VALPROIC ACID', 'RISPERIDONE'})",frozenset({'Neuroleptic malignant syndrome'}),0.007545271629778672,0.0021797451374916165,0.0008383635144198525,0.11111111111111112,50.97435897435898,1.0,0.000821916745273789,1.122547786720322,0.9878357830714648,0.09433962264150943,0.10916932728392989,0.24786324786324787,5,"VALPROIC ACID, RISPERIDONE",Neuroleptic malignant syndrome
"frozenset({'TOPIRAMATE', 'PHENOBARBITAL'})",frozenset({'Multiple-drug resistance'}),0.0035211267605633804,0.004694835680751174,0.0008383635144198525,0.2380952380952381,50.714285714285715,1.0,0.0008218324028679118,1.3063380281690142,0.9837455830388693,0.11363636363636363,0.23450134770889486,0.20833333333333334,5,"TOPIRAMATE, PHENOBARBITAL",Multiple-drug resistance
"frozenset({'DULOXETINE', 'BACLOFEN'})",frozenset({'Suicidal ideation'}),0.003688799463447351,0.004694835680751174,0.0008383635144198525,0.2272727272727273,48.409090909090914,1.0,0.0008210452070797241,1.2880419773543221,0.9829686974082801,0.1111111111111111,0.2236277873070326,0.20292207792207795,5,"DULOXETINE, BACLOFEN",Suicidal ideation
"frozenset({'VALPROIC ACID', 'PREGABALIN'})",frozenset({'Serotonin syndrome'}),0.0026827632461435278,0.006539235412474849,0.0008383635144198525,0.3125,47.78846153846153,1.0,0.0008208202939973847,1.4450338394000366,0.981708137188971,0.09999999999999999,0.3079746835443038,0.2203525641025641,5,"VALPROIC ACID, PREGABALIN",Serotonin syndrome
"frozenset({'LEVETIRACETAM', 'PREGABALIN'})",frozenset({'Ischaemic stroke'}),0.007042253521126761,0.004024144869215292,0.0011737089201877935,0.16666666666666666,41.416666666666664,1.0,0.0011453698718130378,1.1951710261569415,0.9827760891590678,0.11864406779661017,0.1632996632996633,0.22916666666666663,7,"LEVETIRACETAM, PREGABALIN",Ischaemic stroke
"frozenset({'DULOXETINE', 'ZOPICLONE'})",frozenset({'Suicidal ideation'}),0.004694835680751174,0.004694835680751174,0.0008383635144198525,0.17857142857142858,38.035714285714285,1.0,0.0008163220323505982,1.2116758522147377,0.9783018867924529,0.09803921568627451,0.17469676549865226,0.17857142857142858,5,"DULOXETINE, ZOPICLONE",Suicidal ideation
"frozenset({'CARBAMAZEPINE', 'AMITRIPTYLINE'})",frozenset({'Depressed level of consciousness'}),0.00687458081824279,0.00335345405767941,0.0008383635144198525,0.12195121951219512,36.36585365853659,1.0,0.0008153099234800711,1.1350696773231985,0.979233496538916,0.08928571428571429,0.11899681580934247,0.18597560975609756,5,"CARBAMAZEPINE, AMITRIPTYLINE",Depressed level of consciousness
"frozenset({'LAMOTRIGINE', 'PRAMIPEXOLE'})",frozenset({'Suicidal ideation'}),0.006036217303822937,0.004694835680751174,0.001006036217303823,0.16666666666666669,35.5,1.0,0.0009776971689290674,1.1943661971830988,0.9777327935222672,0.10344827586206898,0.16273584905660377,0.1904761904761905,6,"LAMOTRIGINE, PRAMIPEXOLE",Suicidal ideation
"frozenset({'CLOBAZAM', 'BACLOFEN'})",frozenset({'Drug dependence'}),0.007880617035546614,0.003688799463447351,0.001006036217303823,0.1276595744680851,34.6073500967118,1.0,0.0009769662014114647,1.1421128396394626,0.9788180947552252,0.09523809523809523,0.124429771478906,0.20019342359767894,6,"CLOBAZAM, BACLOFEN",Drug dependence
"frozenset({'LAMOTRIGINE', 'ZONISAMIDE'})",frozenset({'Foetal exposure during pregnancy'}),0.004862508383635144,0.006371562709590879,0.001006036217303823,0.20689655172413796,32.471869328493646,1.0,0.0009750544402115803,1.252835855713994,0.9739399045212019,0.09836065573770493,0.2018108394334726,0.1823956442831216,6,"LAMOTRIGINE, ZONISAMIDE",Foetal exposure during pregnancy
"frozenset({'LAMOTRIGINE', 'DIAZEPAM'})",frozenset({'Drug reaction with eosinophilia and systemic symptoms'}),0.0053655264922870555,0.004862508383635144,0.0008383635144198525,0.15625,32.133620689655174,1.0,0.0008122735968684903,1.179422212286062,0.9741065407956845,0.08928571428571429,0.15212721145745578,0.16433189655172414,5,"LAMOTRIGINE, DIAZEPAM",Drug reaction with eosinophilia and systemic symptoms
"frozenset({'LAMOTRIGINE', 'PRAMIPEXOLE'})",frozenset({'Suicide attempt'}),0.006036217303822937,0.0053655264922870555,0.001006036217303823,0.16666666666666669,31.062500000000004,1.0,0.0009736487334469596,1.1935613682092556,0.9736842105263159,0.09677419354838711,0.16217127444369522,0.17708333333333337,6,"LAMOTRIGINE, PRAMIPEXOLE",Suicide attempt
"frozenset({'GABAPENTIN', 'PHENOBARBITAL'})",frozenset({'Drug dependence'}),0.007545271629778672,0.003688799463447351,0.0008383635144198525,0.11111111111111112,30.121212121212125,1.0,0.0008105305204803604,1.1208501006036218,0.9741510390268627,0.08064516129032258,0.10782003814652755,0.1691919191919192,5,"GABAPENTIN, PHENOBARBITAL",Drug dependence
"frozenset({'TRIHEXYPHENIDYL', 'AMANTADINE'})",frozenset({'Somnolence'}),0.00335345405767941,0.008551307847082495,0.0008383635144198525,0.25,29.235294117647058,1.0,0.000809687096421588,1.3219315895372235,0.9690444145356663,0.07575757575757575,0.243531202435312,0.17401960784313725,5,"TRIHEXYPHENIDYL, AMANTADINE",Somnolence
"frozenset({'PHENOBARBITAL', 'BACLOFEN'})",frozenset({'Drug dependence'}),0.007880617035546614,0.003688799463447351,0.0008383635144198525,0.10638297872340426,28.8394584139265,1.0,0.0008092934985274941,1.1149196767909042,0.9729930708129121,0.07812499999999999,0.10307440005156226,0.16682785299806577,5,"PHENOBARBITAL, BACLOFEN",Drug dependence
"frozenset({'LAMOTRIGINE', 'PRAMIPEXOLE'})",frozenset({'Condition aggravated'}),0.006036217303822937,0.012910798122065728,0.002012072434607646,0.33333333333333337,25.81818181818182,1.0,0.0019341400515770681,1.4806338028169015,0.9671052631578947,0.11881188118811882,0.32461355529131986,0.2445887445887446,12,"LAMOTRIGINE, PRAMIPEXOLE",Condition aggravated
"frozenset({'LAMOTRIGINE', 'ZOLPIDEM'})",frozenset({'Suicidal ideation'}),0.008551307847082495,0.004694835680751174,0.001006036217303823,0.11764705882352941,25.058823529411764,1.0,0.0009658892321062527,1.1280125195618154,0.9683747674615255,0.0821917808219178,0.1134850166481687,0.16596638655462187,6,"LAMOTRIGINE, ZOLPIDEM",Suicidal ideation
"frozenset({'AMITRIPTYLINE', 'PREGABALIN'})",frozenset({'Serotonin syndrome'}),0.015761234071093227,0.006539235412474849,0.0025150905432595573,0.15957446808510636,24.402618657937804,1.0,0.002412024123277559,1.1820925553319919,0.9743781942078363,0.12711864406779658,0.15404255319148935,0.27209492635024546,15,"AMITRIPTYLINE, PREGABALIN",Serotonin syndrome
"frozenset({'PREDNISOLONE', 'LEVETIRACETAM'})",frozenset({'Condition aggravated'}),0.0038564721663313212,0.012910798122065728,0.0011737089201877935,0.30434782608695654,23.57312252964427,1.0,0.0011239187865849244,1.4189407276995305,0.9612859787914493,0.07526881720430106,0.29524892726050767,0.19762845849802374,7,"PREDNISOLONE, LEVETIRACETAM",Condition aggravated
"frozenset({'TOPIRAMATE', 'LEVETIRACETAM'})",frozenset({'Multiple-drug resistance'}),0.009221998658618377,0.004694835680751174,0.001006036217303823,0.1090909090909091,23.236363636363638,1.0,0.000962740448953502,1.1171792660726263,0.9658712698144074,0.07792207792207792,0.1048885077186964,0.16168831168831171,6,"TOPIRAMATE, LEVETIRACETAM",Multiple-drug resistance
"frozenset({'PHENYTOIN', 'GABAPENTIN'})",frozenset({'Drug ineffective for unapproved indication'}),0.007545271629778672,0.008886653252850436,0.0015090543259557343,0.19999999999999998,22.50566037735849,1.0,0.0014420021132833215,1.238891683433937,0.9628315593850312,0.10112359550561796,0.19282693283708338,0.18490566037735848,9,"PHENYTOIN, GABAPENTIN",Drug ineffective for unapproved indication
"frozenset({'PHENYTOIN', 'IBUPROFEN'})",frozenset({'Drug ineffective for unapproved indication'}),0.00670690811535882,0.008886653252850436,0.0013413816230717639,0.19999999999999998,22.50566037735849,1.0,0.0012817796562518415,1.238891683433937,0.962018906144497,0.09411764705882351,0.19282693283708338,0.17547169811320754,8,"PHENYTOIN, IBUPROFEN",Drug ineffective for unapproved indication
"frozenset({'ZOLPIDEM', 'PRAMIPEXOLE'})",frozenset({'Condition aggravated'}),0.0031857813547954395,0.012910798122065728,0.0008383635144198525,0.2631578947368421,20.38277511961722,1.0,0.0007972325344870475,1.3396210596914822,0.9539781328847772,0.054945054945054944,0.2535202453219851,0.1640464798359535,5,"ZOLPIDEM, PRAMIPEXOLE",Condition aggravated
"frozenset({'CARBAMAZEPINE', 'AMITRIPTYLINE'})",frozenset({'Fall'}),0.00687458081824279,0.008886653252850436,0.0011737089201877935,0.17073170731707316,19.212149102623098,1.0,0.0011126169041973729,1.1951660946068567,0.9545114686090542,0.08045977011494251,0.1632962108677084,0.1514035895075932,7,"CARBAMAZEPINE, AMITRIPTYLINE",Fall
"frozenset({'LAMOTRIGINE', 'CLOBAZAM'})",frozenset({'Foetal exposure during pregnancy'}),0.015761234071093227,0.006371562709590879,0.0018443997317236754,0.11702127659574467,18.366181410974242,1.0,0.0017439760404591646,1.1253141337987767,0.9606938206597491,0.0909090909090909,0.11135924630729348,0.20324748040313548,11,"LAMOTRIGINE, CLOBAZAM",Foetal exposure during pregnancy
"frozenset({'RISPERIDONE', 'ZOPICLONE'})",frozenset({'Fall'}),0.007042253521126761,0.008886653252850436,0.001006036217303823,0.14285714285714288,16.07547169811321,1.0,0.0009434541521429044,1.1562989045383412,0.9444444444444443,0.06741573033707865,0.13517171375401796,0.1280323450134771,6,"RISPERIDONE, ZOPICLONE",Fall
"frozenset({'GABAPENTIN', 'DULOXETINE'})",frozenset({'Serotonin syndrome'}),0.011234071093226022,0.006539235412474849,0.0011737089201877935,0.10447761194029852,15.977037887485649,1.0,0.0011002466846687098,1.1093645204560698,0.9480607572857871,0.0707070707070707,0.09858303419610807,0.141982395713739,7,"GABAPENTIN, DULOXETINE",Serotonin syndrome
"frozenset({'IBUPROFEN', 'GABAPENTIN'})",frozenset({'Drug ineffective for unapproved indication'}),0.01039570757880617,0.008886653252850436,0.0013413816230717639,0.12903225806451613,14.51978088861838,1.0,0.001248998574500884,1.1379449536726531,0.940909861064046,0.07476635514018691,0.12122287042746983,0.1399878271454656,8,"IBUPROFEN, GABAPENTIN",Drug ineffective for unapproved indication
"frozenset({'IBUPROFEN', 'GABAPENTIN'})",frozenset({'Therapy non-responder'}),0.01039570757880617,0.012575452716297788,0.0013413816230717639,0.12903225806451613,10.260645161290322,1.0,0.0012106508939620283,1.1337096653998062,0.9120213486953574,0.062015503875968984,0.11793995365881714,0.11784946236559139,8,"IBUPROFEN, GABAPENTIN",Therapy non-responder
"frozenset({'LAMOTRIGINE', 'ZOLPIDEM'})",frozenset({'Condition aggravated'}),0.008551307847082495,0.012910798122065728,0.001006036217303823,0.11764705882352941,9.11229946524064,1.0,0.0008956320080105044,1.1187010954616587,0.8979367495349231,0.049180327868852465,0.10610617612086451,0.09778456837280367,6,"LAMOTRIGINE, ZOLPIDEM",Condition aggravated
"frozenset({'PREDNISOLONE', 'AZATHIOPRINE'})",frozenset({'Therapy non-responder'}),0.03085177733065057,0.012575452716297788,0.00335345405767941,0.10869565217391305,8.643478260869566,1.0,0.0029654789906440656,1.1078421750012268,0.9124567474048443,0.08368200836820083,0.09734434871204237,0.18768115942028984,20,"PREDNISOLONE, AZATHIOPRINE",Therapy non-responder
"frozenset({'PHENYTOIN', 'TOPIRAMATE'})",frozenset({'Drug ineffective'}),0.0031857813547954395,0.06941649899396378,0.0015090543259557343,0.4736842105263157,6.8237986270022875,1.0,0.001287908537745588,1.7681086519114686,0.8561816652649284,0.02122641509433962,0.4344238975817922,0.24771167048054915,9,"PHENYTOIN, TOPIRAMATE",Drug ineffective
"frozenset({'LACOSAMIDE', 'PHENOBARBITAL'})",frozenset({'Drug ineffective'}),0.0031857813547954395,0.06941649899396378,0.0013413816230717639,0.42105263157894735,6.06559877955759,1.0,0.0011202358348616176,1.6073715017376988,0.8378048780487803,0.018823529411764704,0.3778662873399715,0.22018815153826593,8,"LACOSAMIDE, PHENOBARBITAL",Drug ineffective
"frozenset({'PHENYTOIN', 'IBUPROFEN'})",frozenset({'Drug ineffective'}),0.00670690811535882,0.06941649899396378,0.0026827632461435278,0.39999999999999997,5.76231884057971,1.0,0.002217193165701115,1.5509725016767268,0.8320391627278866,0.03652968036529681,0.3552432432432432,0.21932367149758453,16,"PHENYTOIN, IBUPROFEN",Drug ineffective
"frozenset({'PHENYTOIN', 'GABAPENTIN'})",frozenset({'Drug ineffective'}),0.007545271629778672,0.06941649899396378,0.002850435949027498,0.37777777777777777,5.442190016103059,1.0,0.002326669608529784,1.4955806266168439,0.8224560985063057,0.038461538461538464,0.3313633633633633,0.20942028985507247,17,"PHENYTOIN, GABAPENTIN",Drug ineffective
"frozenset({'IBUPROFEN', 'GABAPENTIN'})",frozenset({'Off label use'}),0.01039570757880617,0.039570757880617036,0.0021797451374916165,0.20967741935483872,5.298797156916348,1.0,0.001768379109892982,1.2152370002326887,0.819800328441467,0.0456140350877193,0.17711524599026854,0.1323810825587753,13,"IBUPROFEN, GABAPENTIN",Off label use
"frozenset({'PHENYTOIN', 'GABAPENTIN'})",frozenset({'Off label use'}),0.007545271629778672,0.039570757880617036,0.0015090543259557343,0.19999999999999998,5.054237288135592,1.0,0.0012104822091502738,1.2005365526492286,0.8082446359182295,0.03308823529411765,0.1670391061452514,0.11906779661016947,9,"PHENYTOIN, GABAPENTIN",Off label use
"frozenset({'VALPROIC ACID', 'OXCARBAZEPINE'})",frozenset({'Drug ineffective'}),0.00335345405767941,0.06941649899396378,0.0011737089201877935,0.35,5.042028985507247,1.0,0.000940923879966587,1.4316669246246712,0.804364545279754,0.01639344262295082,0.30151351351351346,0.18345410628019324,7,"VALPROIC ACID, OXCARBAZEPINE",Drug ineffective
"frozenset({'PHENYTOIN', 'IBUPROFEN'})",frozenset({'Off label use'}),0.00670690811535882,0.039570757880617036,0.0011737089201877935,0.175,4.422457627118644,1.0,0.0009083114830273841,1.1641566571144037,0.7791067811324395,0.02602230483271376,0.1410090782122905,0.10233050847457627,7,"PHENYTOIN, IBUPROFEN",Off label use
"frozenset({'LACOSAMIDE', 'ZONISAMIDE'})",frozenset({'Drug ineffective'}),0.0038564721663313212,0.06941649899396378,0.0011737089201877935,0.30434782608695654,4.384373030875867,1.0,0.000906006123933406,1.3377137826961771,0.7749056195445692,0.01627906976744186,0.2524559341950646,0.16062801932367152,7,"LACOSAMIDE, ZONISAMIDE",Drug ineffective
"frozenset({'ZONISAMIDE', 'LEVETIRACETAM'})",frozenset({'Drug ineffective'}),0.004527162977867203,0.06941649899396378,0.0013413816230717639,0.2962962962962963,4.268384326355341,1.0,0.001027121818773135,1.3224081330085777,0.7692016169782717,0.018475750577367205,0.24380380380380376,0.1578099838969404,8,"ZONISAMIDE, LEVETIRACETAM",Drug ineffective
"frozenset({'TOPIRAMATE', 'LACOSAMIDE'})",frozenset({'Drug ineffective'}),0.007880617035546614,0.06941649899396378,0.0021797451374916165,0.2765957446808511,3.9845821769966085,1.0,0.0016327002929717811,1.2863948396259914,0.7549823845243822,0.029017857142857144,0.22263369752731454,0.15399835543221296,13,"TOPIRAMATE, LACOSAMIDE",Drug ineffective
"frozenset({'IBUPROFEN', 'GABAPENTIN'})",frozenset({'Drug ineffective'}),0.01039570757880617,0.06941649899396378,0.002850435949027498,0.27419354838709675,3.94997662459093,1.0,0.0021288023243417583,1.282137268052761,0.7546793709011902,0.037037037037037035,0.22005231037489098,0.15762817515973196,17,"IBUPROFEN, GABAPENTIN",Drug ineffective
"frozenset({'PHENYTOIN', 'LACOSAMIDE'})",frozenset({'Drug ineffective'}),0.007880617035546614,0.06941649899396378,0.002012072434607646,0.2553191489361702,3.6780758556891766,1.0,0.0014650275900878107,1.249640701350963,0.7339023153625148,0.0267260579064588,0.1997699827487061,0.1421523280912735,12,"PHENYTOIN, LACOSAMIDE",Drug ineffective
"frozenset({'LACOSAMIDE', 'CLOBAZAM'})",frozenset({'Drug ineffective'}),0.014755197853789403,0.06941649899396378,0.0035211267605633804,0.23863636363636365,3.437747035573123,1.0,0.002496872583590072,1.2222589266944954,0.7197315958377906,0.04365904365904366,0.18184275184275184,0.14468050065876153,21,"LACOSAMIDE, CLOBAZAM",Drug ineffective
"frozenset({'LEVETIRACETAM', 'PREGABALIN'})",frozenset({'Drug ineffective'}),0.007042253521126761,0.06941649899396378,0.001676727028839705,0.2380952380952381,3.4299516908212566,1.0,0.0011878784443751713,1.2213908450704227,0.7134751773049646,0.022421524663677132,0.1812612612612613,0.1311249137336094,10,"LEVETIRACETAM, PREGABALIN",Drug ineffective
"frozenset({'TOPIRAMATE', 'ZONISAMIDE'})",frozenset({'Drug ineffective'}),0.0035211267605633804,0.06941649899396378,0.0008383635144198525,0.2380952380952381,3.4299516908212566,1.0,0.0005939392221875856,1.2213908450704227,0.7109540636042403,0.011627906976744188,0.1812612612612613,0.12508626639061424,5,"TOPIRAMATE, ZONISAMIDE",Drug ineffective
"frozenset({'TOPIRAMATE', 'LEVETIRACETAM'})",frozenset({'Drug ineffective'}),0.009221998658618377,0.06941649899396378,0.0021797451374916165,0.23636363636363636,3.4050065876152833,1.0,0.0015395862768832985,1.2186212513174284,0.7128890740330917,0.028508771929824563,0.1794004914004914,0.13388230127360562,13,"TOPIRAMATE, LEVETIRACETAM",Drug ineffective
"frozenset({'CLOBAZAM', 'MELATONIN'})",frozenset({'Off label use'}),0.006371562709590879,0.039570757880617036,0.0008383635144198525,0.13157894736842105,3.325156110615522,1.0,0.0005862359491174635,1.1059488242586835,0.7037462031724602,0.018587360594795543,0.09579902969714789,0.07638269402319357,5,"CLOBAZAM, MELATONIN",Off label use
"frozenset({'CLOBAZAM', 'OXCARBAZEPINE'})",frozenset({'Drug ineffective'}),0.006539235412474849,0.06941649899396378,0.0015090543259557343,0.23076923076923075,3.3244147157190636,1.0,0.0010551234975243815,1.209758551307847,0.7037974683544302,0.020270270270270268,0.17338877338877337,0.1262541806020067,9,"CLOBAZAM, OXCARBAZEPINE",Drug ineffective
"frozenset({'VALPROIC ACID', 'PHENOBARBITAL'})",frozenset({'Drug ineffective'}),0.003688799463447351,0.06941649899396378,0.0008383635144198525,0.2272727272727273,3.2740447957839267,1.0,0.0005822999701765254,1.204284530713694,0.6971390104341973,0.01160092807424594,0.16963144963144963,0.11967501097935881,5,"VALPROIC ACID, PHENOBARBITAL",Drug ineffective
"frozenset({'VALPROIC ACID', 'LACOSAMIDE'})",frozenset({'Drug ineffective'}),0.01341381623071764,0.06941649899396378,0.0030181086519114686,0.22499999999999998,3.241304347826087,1.0,0.0020869684910266428,1.2007529045239178,0.7008837525492863,0.03781512605042017,0.16718918918918915,0.13423913043478258,18,"VALPROIC ACID, LACOSAMIDE",Drug ineffective
"frozenset({'CARBAMAZEPINE', 'LACOSAMIDE'})",frozenset({'Drug ineffective'}),0.005533199195171026,0.06941649899396378,0.0011737089201877935,0.21212121212121213,3.055775142731665,1.0,0.0007896136038228027,1.1811252128153538,0.6764939663270468,0.01590909090909091,0.15334971334971337,0.1145147123407993,7,"CARBAMAZEPINE, LACOSAMIDE",Drug ineffective
"frozenset({'PHENOBARBITAL', 'LEVETIRACETAM'})",frozenset({'Drug ineffective'}),0.01056338028169014,0.06941649899396378,0.0021797451374916165,0.20634920634920637,2.9726247987117556,1.0,0.0014464722607948162,1.1725352112676057,0.6706816315357242,0.028017241379310345,0.1471471471471472,0.11887508626639062,13,"PHENOBARBITAL, LEVETIRACETAM",Drug ineffective
"frozenset({'VALPROIC ACID', 'TOPIRAMATE'})",frozenset({'Drug ineffective'}),0.007377598926894702,0.06941649899396378,0.0015090543259557343,0.20454545454545453,2.9466403162055337,1.0,0.0009969272374690799,1.1698764012647314,0.6655405405405405,0.020044543429844096,0.14520884520884517,0.11314229249011856,9,"VALPROIC ACID, TOPIRAMATE",Drug ineffective
"frozenset({'TOPIRAMATE', 'AMITRIPTYLINE'})",frozenset({'Drug ineffective'}),0.0041918175720992625,0.06941649899396378,0.0008383635144198525,0.19999999999999998,2.881159420289855,1.0,0.0005473822141433443,1.1632293762575452,0.6556659370264355,0.01152073732718894,0.14032432432432432,0.10603864734299516,5,"TOPIRAMATE, AMITRIPTYLINE",Drug ineffective
"frozenset({'PHENYTOIN', 'LEVETIRACETAM'})",frozenset({'Drug ineffective'}),0.014252179745137492,0.06941649899396378,0.002850435949027498,0.19999999999999998,2.881159420289855,1.0,0.0018610995280873704,1.1632293762575452,0.6623575437999659,0.03526970954356846,0.14032432432432432,0.12053140096618356,17,"PHENYTOIN, LEVETIRACETAM",Drug ineffective
"frozenset({'PHENOBARBITAL', 'LEVETIRACETAM'})",frozenset({'Off label use'}),0.01056338028169014,0.039570757880617036,0.0011737089201877935,0.11111111111111112,2.8079096045197742,1.0,0.0007557079566601487,1.080482897384306,0.6507371631926792,0.02397260273972603,0.074487895716946,0.07038606403013183,7,"PHENOBARBITAL, LEVETIRACETAM",Off label use
"frozenset({'VALPROIC ACID', 'LEVETIRACETAM'})",frozenset({'Drug ineffective'}),0.023306505700871897,0.06941649899396378,0.004527162977867203,0.19424460431654678,2.798248357835471,1.0,0.0029093069483298183,1.1549205949985628,0.6579685264663806,0.05133079847908746,0.13413960723313242,0.1297309978104473,27,"VALPROIC ACID, LEVETIRACETAM",Drug ineffective
"frozenset({'OXCARBAZEPINE', 'LEVETIRACETAM'})",frozenset({'Drug ineffective'}),0.012407780013413815,0.06941649899396378,0.002347417840375587,0.1891891891891892,2.7254210732471607,1.0,0.0014861131915571229,1.1477196512407781,0.6410380790686394,0.029535864978902957,0.12870708546384224,0.11150280715498108,14,"OXCARBAZEPINE, LEVETIRACETAM",Drug ineffective
"frozenset({'LACOSAMIDE', 'LEVETIRACETAM'})",frozenset({'Drug ineffective'}),0.04845741113346747,0.06941649899396378,0.008718980549966466,0.17993079584775087,2.592046537284991,1.0,0.005355236718770032,1.134762159454618,0.6454828871568961,0.07987711213517665,0.11875806602450202,0.15276733029102518,52,"LACOSAMIDE, LEVETIRACETAM",Drug ineffective
"frozenset({'VALPROIC ACID', 'CLOBAZAM'})",frozenset({'Drug ineffective'}),0.011234071093226022,0.06941649899396378,0.002012072434607646,0.17910447761194032,2.5801427644386767,1.0,0.0012322425498666042,1.1336199012255352,0.6193827369849075,0.025586353944562903,0.11787010891488504,0.10404499242915857,12,"VALPROIC ACID, CLOBAZAM",Drug ineffective
"frozenset({'LACOSAMIDE', 'OXCARBAZEPINE'})",frozenset({'Drug ineffective'}),0.007545271629778672,0.06941649899396378,0.0013413816230717639,0.17777777777777778,2.5610305958132047,1.0,0.0008176152825740493,1.131790744466801,0.6141662442980234,0.017738359201773836,0.11644444444444445,0.09855072463768116,8,"LACOSAMIDE, OXCARBAZEPINE",Drug ineffective
"frozenset({'PHENYTOIN', 'VALPROIC ACID'})",frozenset({'Drug ineffective'}),0.005868544600938967,0.06941649899396378,0.001006036217303823,0.17142857142857146,2.4695652173913047,1.0,0.0005986623969167117,1.1231180184555611,0.5985832349468715,0.013544018058690748,0.10962162162162165,0.09296066252587994,6,"PHENYTOIN, VALPROIC ACID",Drug ineffective
"frozenset({'PHENYTOIN', 'CLOBAZAM'})",frozenset({'Drug ineffective'}),0.007209926224010731,0.06941649899396378,0.0011737089201877935,0.16279069767441862,2.3451297607010453,1.0,0.0006732210837121995,1.1115302928683213,0.5777498974594061,0.015555555555555557,0.10033940917661849,0.08984945511740254,7,"PHENYTOIN, CLOBAZAM",Drug ineffective
"frozenset({'TOPIRAMATE', 'CLOBAZAM'})",frozenset({'Drug ineffective'}),0.01039570757880617,0.06941649899396378,0.001676727028839705,0.16129032258064516,2.323515661524077,1.0,0.0009550934041539648,1.1095418665841201,0.5756014910199932,0.021459227467811162,0.09872711421098518,0.09272245597631291,10,"TOPIRAMATE, CLOBAZAM",Drug ineffective
"frozenset({'GABAPENTIN', 'PHENOBARBITAL'})",frozenset({'Drug ineffective'}),0.007545271629778672,0.06941649899396378,0.0011737089201877935,0.15555555555555556,2.240901771336554,1.0,0.0006499425796900788,1.1020067775071483,0.5579610455434075,0.015486725663716817,0.09256456456456456,0.08623188405797101,7,"GABAPENTIN, PHENOBARBITAL",Drug ineffective
"frozenset({'CLOBAZAM', 'LEVETIRACETAM'})",frozenset({'Drug ineffective'}),0.028504359490274984,0.06941649899396378,0.004359490274983233,0.15294117647058825,2.2032395566922425,1.0,0.0023808174331029774,1.0986055220210151,0.5621465176176946,0.046594982078853056,0.08975516693163753,0.107871554418869,26,"CLOBAZAM, LEVETIRACETAM",Drug ineffective
"frozenset({'CLOBAZAM', 'BACLOFEN'})",frozenset({'Drug ineffective'}),0.007880617035546614,0.06941649899396378,0.0011737089201877935,0.14893617021276595,2.1455442491520196,1.0,0.0006266640756679581,1.0934356136820926,0.5381588160023177,0.015418502202643174,0.08545140885566417,0.08292219138657621,7,"CLOBAZAM, BACLOFEN",Drug ineffective
"frozenset({'PHENOBARBITAL', 'BACLOFEN'})",frozenset({'Drug ineffective'}),0.007880617035546614,0.06941649899396378,0.0011737089201877935,0.14893617021276595,2.1455442491520196,1.0,0.0006266640756679581,1.0934356136820926,0.5381588160023177,0.015418502202643174,0.08545140885566417,0.08292219138657621,7,"PHENOBARBITAL, BACLOFEN",Drug ineffective
"frozenset({'CLOBAZAM', 'PHENOBARBITAL'})",frozenset({'Drug ineffective'}),0.011904761904761904,0.06941649899396378,0.001676727028839705,0.14084507042253522,2.028985507246377,1.0,0.000850340136054422,1.083138173302108,0.5132530120481928,0.02105263157894737,0.07675675675675676,0.08249982989725795,10,"CLOBAZAM, PHENOBARBITAL",Drug ineffective
"frozenset({'LAMOTRIGINE', 'PRAMIPEXOLE'})",frozenset({'Drug ineffective'}),0.006036217303822937,0.06941649899396378,0.0008383635144198525,0.1388888888888889,2.000805152979066,1.0,0.0004193504420216808,1.080677614071526,0.5032388663967612,0.011235955056179777,0.07465465465465466,0.07548309178743962,5,"LAMOTRIGINE, PRAMIPEXOLE",Drug ineffective
"frozenset({'GABAPENTIN', 'CLOBAZAM'})",frozenset({'Drug ineffective'}),0.008718980549966466,0.06941649899396378,0.0011737089201877935,0.1346153846153846,1.939241917502787,1.0,0.0005684678156126565,1.075340934495864,0.4885946259423932,0.01525054466230937,0.07006237006237005,0.07576179858788554,7,"GABAPENTIN, CLOBAZAM",Drug ineffective
"frozenset({'CLOBAZAM', 'MELATONIN'})",frozenset({'Drug ineffective'}),0.006371562709590879,0.06941649899396378,0.0008383635144198525,0.13157894736842105,1.8954996186117468,1.0,0.0003960719379995601,1.0715810011584659,0.4754640566992912,0.011185682326621923,0.06679943100995732,0.07182812102720569,5,"CLOBAZAM, MELATONIN",Drug ineffective
"frozenset({'VALPROIC ACID', 'DIAZEPAM'})",frozenset({'Drug ineffective'}),0.006371562709590879,0.06941649899396378,0.0008383635144198525,0.13157894736842105,1.8954996186117468,1.0,0.0003960719379995601,1.0715810011584659,0.4754640566992912,0.011185682326621923,0.06679943100995732,0.07182812102720569,5,"VALPROIC ACID, DIAZEPAM",Drug ineffective
"frozenset({'MELATONIN', 'PHENOBARBITAL'})",frozenset({'Drug ineffective'}),0.006371562709590879,0.06941649899396378,0.0008383635144198525,0.13157894736842105,1.8954996186117468,1.0,0.0003960719379995601,1.0715810011584659,0.4754640566992912,0.011185682326621923,0.06679943100995732,0.07182812102720569,5,"MELATONIN, PHENOBARBITAL",Drug ineffective
"frozenset({'GABAPENTIN', 'DIAZEPAM'})",frozenset({'Drug ineffective'}),0.006539235412474849,0.06941649899396378,0.0008383635144198525,0.1282051282051282,1.8468970642883686,1.0,0.00038443268598849976,1.0674340158598652,0.4615696202531645,0.011160714285714286,0.06317394317394316,0.07014121144555927,5,"GABAPENTIN, DIAZEPAM",Drug ineffective
"frozenset({'CARBAMAZEPINE', 'LEVETIRACETAM'})",frozenset({'Drug ineffective'}),0.009221998658618377,0.06941649899396378,0.0011737089201877935,0.12727272727272726,1.8334650856389987,1.0,0.0005335500595794755,1.0662935949027499,0.4588158499141745,0.015151515151515154,0.06217199017199016,0.07209046991655686,7,"CARBAMAZEPINE, LEVETIRACETAM",Drug ineffective
"frozenset({'MYCOPHENOLATE MOFETIL', 'AZATHIOPRINE'})",frozenset({'Drug ineffective'}),0.015928906773977198,0.06941649899396378,0.002012072434607646,0.12631578947368421,1.819679633867277,1.0,0.000906343493556915,1.0651256939225715,0.45774407905946496,0.024144869215291753,0.06114366998577525,0.07765064836003052,12,"MYCOPHENOLATE MOFETIL, AZATHIOPRINE",Drug ineffective
"frozenset({'VALPROIC ACID', 'LAMOTRIGINE'})",frozenset({'Drug ineffective'}),0.009389671361502348,0.06941649899396378,0.0011737089201877935,0.125,1.8007246376811594,1.0,0.0005219108075684152,1.0635240011497558,0.4488828706838186,0.015118790496760261,0.05972972972972973,0.07095410628019323,7,"VALPROIC ACID, LAMOTRIGINE",Drug ineffective
"frozenset({'LAMOTRIGINE', 'RISPERIDONE'})",frozenset({'Drug ineffective'}),0.008383635144198525,0.06941649899396378,0.001006036217303823,0.12,1.728695652173913,1.0,0.00042407361675080675,1.057481251143223,0.4250929996618194,0.01310043668122271,0.054356756756756754,0.0672463768115942,6,"LAMOTRIGINE, RISPERIDONE",Drug ineffective
"frozenset({'PREDNISOLONE', 'CYCLOSPORINE'})",frozenset({'Drug ineffective'}),0.028001341381623072,0.06941649899396378,0.00335345405767941,0.11976047904191617,1.7252451618502127,1.0,0.0014096989718323356,1.057193501142912,0.4324823184405727,0.035650623885918005,0.054099368829907755,0.08403482889293876,20,"PREDNISOLONE, CYCLOSPORINE",Drug ineffective
"frozenset({'LAMOTRIGINE', 'ZOLPIDEM'})",frozenset({'Drug ineffective'}),0.008551307847082495,0.06941649899396378,0.001006036217303823,0.11764705882352941,1.6947996589940324,1.0,0.00041243436473974637,1.0546613011401744,0.41349568746829024,0.013071895424836603,0.05182829888712242,0.06606990622335891,6,"LAMOTRIGINE, ZOLPIDEM",Drug ineffective
"frozenset({'MELATONIN', 'BACLOFEN'})",frozenset({'Drug ineffective'}),0.007209926224010731,0.06941649899396378,0.0008383635144198525,0.11627906976744186,1.6750926862150322,1.0,0.0003378756779442585,1.0530286985068305,0.4059449417328155,0.011061946902654867,0.05035826524198617,0.0641781822267161,5,"MELATONIN, BACLOFEN",Drug ineffective
"frozenset({'GABAPENTIN', 'BACLOFEN'})",frozenset({'Drug ineffective'}),0.017605633802816902,0.06941649899396378,0.002012072434607646,0.1142857142857143,1.646376811594203,1.0,0.0007899509734463118,1.050658791458428,0.3996415770609319,0.02366863905325444,0.04821621621621623,0.07163561076604555,12,"GABAPENTIN, BACLOFEN",Drug ineffective
"frozenset({'VANCOMYCIN', 'CEFTRIAXONE'})",frozenset({'Drug ineffective'}),0.007377598926894702,0.06941649899396378,0.0008383635144198525,0.11363636363636365,1.6370223978919634,1.0,0.00032623642593319815,1.0498890780580923,0.392027027027027,0.011037527593818985,0.04751842751842753,0.06285682916117699,5,"VANCOMYCIN, CEFTRIAXONE",Drug ineffective
"frozenset({'VALPROIC ACID', 'RISPERIDONE'})",frozenset({'Drug ineffective'}),0.007545271629778672,0.06941649899396378,0.0008383635144198525,0.11111111111111112,1.600644122383253,1.0,0.0003145971739221379,1.0469064386317908,0.3781044095286367,0.011013215859030838,0.04480480480480482,0.06159420289855073,5,"VALPROIC ACID, RISPERIDONE",Drug ineffective
"frozenset({'DULOXETINE', 'PREGABALIN'})",frozenset({'Drug ineffective'}),0.012743125419181758,0.06941649899396378,0.0013413816230717639,0.10526315789473684,1.5163996948893974,1.0,0.0004567984702311791,1.0400639128890994,0.34493885869565216,0.016597510373443983,0.038520625889046936,0.06229341469616069,8,"DULOXETINE, PREGABALIN",Drug ineffective
