support,itemsets,length,antecedents,consequents,confidence,lift,case_count,pt,final_outcome
0.001006036217303823,"frozenset({'Quadriparesis', 'VANCOMYCIN', 'RITUXIMAB'})",3,"frozenset({'VANCOMYCIN', 'RITUXIMAB'})",frozenset({'Quadriparesis'}),1.0,852.0,6,Quadriparesis,Serious
0.0008383635144198525,"frozenset({'Epistaxis', 'PREDNISOLONE', 'MELATONIN'})",3,"frozenset({'PREDNISOLONE', 'MELATONIN'})",frozenset({'Epistaxis'}),0.5,596.4,5,Epistaxis,Moderate
0.0015090543259557343,"frozenset({'Cardiac failure', 'CYCLOSPORINE', 'METOCLOPRAMIDE'})",3,"frozenset({'METOCLOPRAMIDE', 'CYCLOSPORINE'})",frozenset({'Cardiac failure'}),1.0,542.1818181818181,9,Cardiac failure,Serious
0.0008383635144198525,"frozenset({'ACYCLOVIR', 'IBUPROFEN', 'Hepatitis acute'})",3,"frozenset({'ACYCLOVIR', 'IBUPROFEN'})",frozenset({'Hepatitis acute'}),0.7142857142857143,532.5,5,Hepatitis acute,Moderate
0.001676727028839705,"frozenset({'METOCLOPRAMIDE', 'PREDNISOLONE', 'Thrombotic microangiopathy'})",3,"frozenset({'METOCLOPRAMIDE', 'PREDNISOLONE'})",frozenset({'Thrombotic microangiopathy'}),1.0,496.99999999999994,10,Thrombotic microangiopathy,Moderate
0.0008383635144198525,"frozenset({'Dysphonia', 'ZOPICLONE', 'RIZATRIPTAN'})",3,"frozenset({'RIZATRIPTAN', 'ZOPICLONE'})",frozenset({'Dysphonia'}),0.38461538461538464,458.7692307692308,5,Dysphonia,Moderate
0.0008383635144198525,"frozenset({'Venoocclusive liver disease', 'MYCOPHENOLATE MOFETIL', 'LEVETIRACETAM'})",3,"frozenset({'MYCOPHENOLATE MOFETIL', 'LEVETIRACETAM'})",frozenset({'Venoocclusive liver disease'}),0.3125,372.75,5,Venoocclusive liver disease,Moderate
0.0015090543259557343,"frozenset({'Purpura', 'LEVETIRACETAM', 'CEFTRIAXONE'})",3,"frozenset({'CEFTRIAXONE', 'LEVETIRACETAM'})",frozenset({'Purpura'}),0.5,331.33333333333337,9,Purpura,Moderate
0.001676727028839705,"frozenset({'ACYCLOVIR', 'AMPHOTERICIN B', 'Renal tubular disorder'})",3,"frozenset({'ACYCLOVIR', 'AMPHOTERICIN B'})",frozenset({'Renal tubular disorder'}),0.5263157894736842,313.89473684210526,10,Renal tubular disorder,Moderate
0.001006036217303823,"frozenset({'DIAZEPAM', 'Pulmonary embolism', 'METHYLPHENIDATE'})",3,"frozenset({'DIAZEPAM', 'METHYLPHENIDATE'})",frozenset({'Pulmonary embolism'}),0.6666666666666667,165.66666666666666,6,Pulmonary embolism,Serious
0.0008383635144198525,"frozenset({'CARBAMAZEPINE', 'BRASH syndrome', 'LAMOTRIGINE'})",3,"frozenset({'CARBAMAZEPINE', 'LAMOTRIGINE'})",frozenset({'BRASH syndrome'}),0.1388888888888889,165.66666666666666,5,BRASH syndrome,Serious
0.001006036217303823,"frozenset({'COVID-19', 'MYCOPHENOLATE MOFETIL', 'ECULIZUMAB'})",3,"frozenset({'MYCOPHENOLATE MOFETIL', 'ECULIZUMAB'})",frozenset({'COVID-19'}),0.8571428571428572,164.90322580645162,6,COVID-19,Serious
0.001676727028839705,"frozenset({'Dementia', 'DULOXETINE', 'ZOPICLONE'})",3,"frozenset({'DULOXETINE', 'ZOPICLONE'})",frozenset({'Dementia'}),0.35714285714285715,163.84615384615384,10,Dementia,Moderate
0.001676727028839705,"frozenset({'Acquired haemophilia', 'ZOPICLONE', 'PREGABALIN'})",3,"frozenset({'ZOPICLONE', 'PREGABALIN'})",frozenset({'Acquired haemophilia'}),0.2631578947368421,156.94736842105263,10,Acquired haemophilia,Critical
0.0013413816230717639,"frozenset({'Cardiac arrest', 'LAMOTRIGINE', 'BENZTROPINE'})",3,"frozenset({'LAMOTRIGINE', 'BENZTROPINE'})",frozenset({'Cardiac arrest'}),0.5,149.1,8,Cardiac arrest,Critical
0.0008383635144198525,"frozenset({'DULOXETINE', 'RISPERIDONE', 'Encephalopathy'})",3,"frozenset({'DULOXETINE', 'RISPERIDONE'})",frozenset({'Encephalopathy'}),0.33333333333333337,142.0,5,Encephalopathy,Serious
0.001006036217303823,"frozenset({'METOCLOPRAMIDE', 'Ischaemic stroke', 'ZOPICLONE'})",3,"frozenset({'METOCLOPRAMIDE', 'ZOPICLONE'})",frozenset({'Ischaemic stroke'}),0.5454545454545455,135.54545454545456,6,Ischaemic stroke,Serious
0.0015090543259557343,"frozenset({'Purpura', 'GABAPENTIN', 'LEVETIRACETAM'})",3,"frozenset({'GABAPENTIN', 'LEVETIRACETAM'})",frozenset({'Purpura'}),0.20454545454545453,135.54545454545453,9,Purpura,Moderate
0.002012072434607646,"frozenset({'PHENYTOIN', 'GABAPENTIN', 'Inspiratory capacity decreased'})",3,"frozenset({'PHENYTOIN', 'GABAPENTIN'})",frozenset({'Inspiratory capacity decreased'}),0.26666666666666666,132.53333333333333,12,Inspiratory capacity decreased,Serious
0.0011737089201877935,"frozenset({'Cardiac arrest', 'BENZTROPINE', 'MELATONIN'})",3,"frozenset({'BENZTROPINE', 'MELATONIN'})",frozenset({'Cardiac arrest'}),0.4375,130.4625,7,Cardiac arrest,Critical
0.001676727028839705,"frozenset({'PHENYTOIN', 'IBUPROFEN', 'Inspiratory capacity decreased'})",3,"frozenset({'PHENYTOIN', 'IBUPROFEN'})",frozenset({'Inspiratory capacity decreased'}),0.25,124.24999999999999,10,Inspiratory capacity decreased,Serious
0.002347417840375587,"frozenset({'Cardiac arrest', 'LAMOTRIGINE', 'MELATONIN'})",3,"frozenset({'LAMOTRIGINE', 'MELATONIN'})",frozenset({'Cardiac arrest'}),0.411764705882353,122.78823529411765,14,Cardiac arrest,Critical
0.001006036217303823,"frozenset({'GABAPENTIN', 'AMITRIPTYLINE', 'Anal incontinence'})",3,"frozenset({'GABAPENTIN', 'AMITRIPTYLINE'})",frozenset({'Anal incontinence'}),0.14285714285714288,121.71428571428572,6,Anal incontinence,Moderate
0.0008383635144198525,"frozenset({'ACYCLOVIR', 'METOCLOPRAMIDE', 'Inappropriate antidiuretic hormone secretion'})",3,"frozenset({'ACYCLOVIR', 'METOCLOPRAMIDE'})",frozenset({'Inappropriate antidiuretic hormone secretion'}),0.2777777777777778,118.33333333333334,5,Inappropriate antidiuretic hormone secretion,Serious
0.001006036217303823,"frozenset({'BENZTROPINE', 'Death', 'MELATONIN'})",3,"frozenset({'BENZTROPINE', 'MELATONIN'})",frozenset({'Death'}),0.37500000000000006,117.71052631578948,6,Death,Critical
0.001006036217303823,"frozenset({'BENZTROPINE', 'LAMOTRIGINE', 'Death'})",3,"frozenset({'BENZTROPINE', 'LAMOTRIGINE'})",frozenset({'Death'}),0.37500000000000006,117.71052631578948,6,Death,Critical
0.001006036217303823,"frozenset({'ACYCLOVIR', 'Stevens-Johnson syndrome', 'CEFTRIAXONE'})",3,"frozenset({'ACYCLOVIR', 'CEFTRIAXONE'})",frozenset({'Stevens-Johnson syndrome'}),0.3157894736842105,110.78637770897832,6,Stevens-Johnson syndrome,Moderate
0.0011737089201877935,"frozenset({'CANDESARTAN', 'AZATHIOPRINE', 'Obstructive airways disorder'})",3,"frozenset({'CANDESARTAN', 'AZATHIOPRINE'})",frozenset({'Obstructive airways disorder'}),0.11864406779661017,101.08474576271186,7,Obstructive airways disorder,Moderate
0.0015090543259557343,"frozenset({'Serotonin syndrome', 'AMANTADINE', 'GABAPENTIN'})",3,"frozenset({'GABAPENTIN', 'AMANTADINE'})",frozenset({'Serotonin syndrome'}),0.6428571428571428,98.30769230769229,9,Serotonin syndrome,Moderate
0.0008383635144198525,"frozenset({'Electrolyte imbalance', 'PHENOBARBITAL', 'LEVETIRACETAM'})",3,"frozenset({'LEVETIRACETAM', 'PHENOBARBITAL'})",frozenset({'Electrolyte imbalance'}),0.07936507936507937,94.66666666666667,5,Electrolyte imbalance,Moderate
0.001676727028839705,"frozenset({'LAMOTRIGINE', 'Death', 'MELATONIN'})",3,"frozenset({'LAMOTRIGINE', 'MELATONIN'})",frozenset({'Death'}),0.29411764705882354,92.3219814241486,10,Death,Critical
0.0008383635144198525,"frozenset({'RISPERIDONE', 'Parkinsonism', 'RIVASTIGMINE'})",3,"frozenset({'RISPERIDONE', 'RIVASTIGMINE'})",frozenset({'Parkinsonism'}),0.33333333333333337,90.36363636363637,5,Parkinsonism,Moderate
0.0013413816230717639,"frozenset({'Cerebrovascular accident', 'LAMOTRIGINE', 'ZOPICLONE'})",3,"frozenset({'LAMOTRIGINE', 'ZOPICLONE'})",frozenset({'Cerebrovascular accident'}),0.20512820512820512,87.38461538461537,8,Cerebrovascular accident,Moderate
0.0015090543259557343,"frozenset({'ZOPICLONE', 'Suicidal ideation', 'BACLOFEN'})",3,"frozenset({'ZOPICLONE', 'BACLOFEN'})",frozenset({'Suicidal ideation'}),0.3913043478260869,83.34782608695652,9,Suicidal ideation,Moderate
0.0013413816230717639,"frozenset({'OXCARBAZEPINE', 'Parkinsonism', 'PREGABALIN'})",3,"frozenset({'OXCARBAZEPINE', 'PREGABALIN'})",frozenset({'Parkinsonism'}),0.2962962962962963,80.32323232323232,8,Parkinsonism,Moderate
0.001676727028839705,"frozenset({'IBUPROFEN', 'Inspiratory capacity decreased', 'GABAPENTIN'})",3,"frozenset({'IBUPROFEN', 'GABAPENTIN'})",frozenset({'Inspiratory capacity decreased'}),0.16129032258064516,80.16129032258064,10,Inspiratory capacity decreased,Serious
0.002012072434607646,"frozenset({'MYCOPHENOLATE MOFETIL', 'ALEMTUZUMAB', 'Cytomegalovirus infection reactivation'})",3,"frozenset({'MYCOPHENOLATE MOFETIL', 'ALEMTUZUMAB'})",frozenset({'Cytomegalovirus infection reactivation'}),0.28571428571428575,74.08695652173914,12,Cytomegalovirus infection reactivation,Moderate
0.001006036217303823,"frozenset({'DIAZEPAM', 'Myocardial infarction', 'ZOPICLONE'})",3,"frozenset({'DIAZEPAM', 'ZOPICLONE'})",frozenset({'Myocardial infarction'}),0.17142857142857146,73.02857142857144,6,Myocardial infarction,Moderate
0.001006036217303823,"frozenset({'Hypokalaemia', 'TOPIRAMATE', 'OXCARBAZEPINE'})",3,"frozenset({'TOPIRAMATE', 'OXCARBAZEPINE'})",frozenset({'Hypokalaemia'}),0.20689655172413796,72.5841784989858,6,Hypokalaemia,Moderate
0.0008383635144198525,"frozenset({'MELATONIN', 'CEFTRIAXONE', 'Ascites'})",3,"frozenset({'MELATONIN', 'CEFTRIAXONE'})",frozenset({'Ascites'}),0.0847457627118644,72.20338983050847,5,Ascites,Moderate
0.0013413816230717639,"frozenset({'Serotonin syndrome', 'DULOXETINE', 'AMANTADINE'})",3,"frozenset({'DULOXETINE', 'AMANTADINE'})",frozenset({'Serotonin syndrome'}),0.47058823529411764,71.96380090497738,8,Serotonin syndrome,Moderate
0.0013413816230717639,"frozenset({'PHENYTOIN', 'Tubulointerstitial nephritis', 'LEVETIRACETAM'})",3,"frozenset({'PHENYTOIN', 'LEVETIRACETAM'})",frozenset({'Tubulointerstitial nephritis'}),0.09411764705882353,70.16470588235295,8,Tubulointerstitial nephritis,Moderate
0.001006036217303823,"frozenset({'Altered state of consciousness', 'PREGABALIN', 'BACLOFEN'})",3,"frozenset({'PREGABALIN', 'BACLOFEN'})",frozenset({'Altered state of consciousness'}),0.11320754716981132,67.51698113207547,6,Altered state of consciousness,Serious
0.0008383635144198525,"frozenset({'Product use issue', 'MELATONIN', 'PHENOBARBITAL'})",3,"frozenset({'MELATONIN', 'PHENOBARBITAL'})",frozenset({'Product use issue'}),0.13157894736842105,65.39473684210526,5,Product use issue,Moderate
0.0008383635144198525,"frozenset({'Hepatic cytolysis', 'PREDNISOLONE', 'LEVETIRACETAM'})",3,"frozenset({'PREDNISOLONE', 'LEVETIRACETAM'})",frozenset({'Hepatic cytolysis'}),0.2173913043478261,64.82608695652175,5,Hepatic cytolysis,Moderate
0.0008383635144198525,"frozenset({'Product prescribing error', 'PHENOBARBITAL', 'BACLOFEN'})",3,"frozenset({'PHENOBARBITAL', 'BACLOFEN'})",frozenset({'Product prescribing error'}),0.10638297872340426,63.4468085106383,5,Product prescribing error,Moderate
0.0008383635144198525,"frozenset({'Product prescribing error', 'CLOBAZAM', 'BACLOFEN'})",3,"frozenset({'CLOBAZAM', 'BACLOFEN'})",frozenset({'Product prescribing error'}),0.10638297872340426,63.4468085106383,5,Product prescribing error,Moderate
0.0008383635144198525,"frozenset({'Anorectal malformation', 'LAMOTRIGINE', 'CLOBAZAM'})",3,"frozenset({'LAMOTRIGINE', 'CLOBAZAM'})",frozenset({'Anorectal malformation'}),0.05319148936170213,63.4468085106383,5,Anorectal malformation,Serious
0.0008383635144198525,"frozenset({'CANDESARTAN', 'AZATHIOPRINE', 'Hypothyroidism'})",3,"frozenset({'CANDESARTAN', 'AZATHIOPRINE'})",frozenset({'Hypothyroidism'}),0.0847457627118644,63.17796610169491,5,Hypothyroidism,Moderate
0.0015090543259557343,"frozenset({'Purpura', 'GABAPENTIN', 'CEFTRIAXONE'})",3,"frozenset({'GABAPENTIN', 'CEFTRIAXONE'})",frozenset({'Purpura'}),0.09278350515463916,61.48453608247422,9,Purpura,Moderate
0.0008383635144198525,"frozenset({'Product use issue', 'MELATONIN', 'BACLOFEN'})",3,"frozenset({'MELATONIN', 'BACLOFEN'})",frozenset({'Product use issue'}),0.11627906976744186,57.7906976744186,5,Product use issue,Moderate
0.0011737089201877935,"frozenset({'GABAPENTIN', 'DULOXETINE', 'Cholestatic liver injury'})",3,"frozenset({'GABAPENTIN', 'DULOXETINE'})",frozenset({'Cholestatic liver injury'}),0.10447761194029852,56.645861601085485,7,Cholestatic liver injury,Moderate
0.0008383635144198525,"frozenset({'GABAPENTIN', 'Product use issue', 'PHENOBARBITAL'})",3,"frozenset({'GABAPENTIN', 'PHENOBARBITAL'})",frozenset({'Product use issue'}),0.11111111111111112,55.22222222222222,5,Product use issue,Moderate
0.0008383635144198525,"frozenset({'Product use issue', 'PHENOBARBITAL', 'BACLOFEN'})",3,"frozenset({'PHENOBARBITAL', 'BACLOFEN'})",frozenset({'Product use issue'}),0.10638297872340426,52.87234042553191,5,Product use issue,Moderate
0.0008383635144198525,"frozenset({'VALPROIC ACID', 'RISPERIDONE', 'Neuroleptic malignant syndrome'})",3,"frozenset({'VALPROIC ACID', 'RISPERIDONE'})",frozenset({'Neuroleptic malignant syndrome'}),0.11111111111111112,50.97435897435898,5,Neuroleptic malignant syndrome,Serious
0.0008383635144198525,"frozenset({'TOPIRAMATE', 'Multiple-drug resistance', 'PHENOBARBITAL'})",3,"frozenset({'TOPIRAMATE', 'PHENOBARBITAL'})",frozenset({'Multiple-drug resistance'}),0.2380952380952381,50.714285714285715,5,Multiple-drug resistance,Moderate
0.0008383635144198525,"frozenset({'DULOXETINE', 'Suicidal ideation', 'BACLOFEN'})",3,"frozenset({'DULOXETINE', 'BACLOFEN'})",frozenset({'Suicidal ideation'}),0.2272727272727273,48.409090909090914,5,Suicidal ideation,Moderate
0.0008383635144198525,"frozenset({'VALPROIC ACID', 'Serotonin syndrome', 'PREGABALIN'})",3,"frozenset({'VALPROIC ACID', 'PREGABALIN'})",frozenset({'Serotonin syndrome'}),0.3125,47.78846153846153,5,Serotonin syndrome,Moderate
0.0008383635144198525,"frozenset({'GABAPENTIN', 'CEFTRIAXONE', 'Ascites'})",3,"frozenset({'GABAPENTIN', 'CEFTRIAXONE'})",frozenset({'Ascites'}),0.05154639175257732,43.91752577319587,5,Ascites,Moderate
0.0011737089201877935,"frozenset({'GABAPENTIN', 'MELATONIN', 'Ascites'})",3,"frozenset({'GABAPENTIN', 'MELATONIN'})",frozenset({'Ascites'}),0.05147058823529412,43.852941176470594,7,Ascites,Moderate
0.0008383635144198525,"frozenset({'Product prescribing error', 'CLOBAZAM', 'PHENOBARBITAL'})",3,"frozenset({'CLOBAZAM', 'PHENOBARBITAL'})",frozenset({'Product prescribing error'}),0.07042253521126761,42.0,5,Product prescribing error,Moderate
0.0011737089201877935,"frozenset({'Ischaemic stroke', 'LEVETIRACETAM', 'PREGABALIN'})",3,"frozenset({'LEVETIRACETAM', 'PREGABALIN'})",frozenset({'Ischaemic stroke'}),0.16666666666666666,41.416666666666664,7,Ischaemic stroke,Serious
0.0008383635144198525,"frozenset({'DULOXETINE', 'ZOPICLONE', 'Suicidal ideation'})",3,"frozenset({'DULOXETINE', 'ZOPICLONE'})",frozenset({'Suicidal ideation'}),0.17857142857142858,38.035714285714285,5,Suicidal ideation,Moderate
0.0018443997317236754,"frozenset({'Cholelithiasis', 'DIAZEPAM', 'RISPERIDONE'})",3,"frozenset({'DIAZEPAM', 'RISPERIDONE'})",frozenset({'Cholelithiasis'}),0.07971014492753624,36.5685618729097,11,Cholelithiasis,Serious
0.0008383635144198525,"frozenset({'CARBAMAZEPINE', 'AMITRIPTYLINE', 'Depressed level of consciousness'})",3,"frozenset({'CARBAMAZEPINE', 'AMITRIPTYLINE'})",frozenset({'Depressed level of consciousness'}),0.12195121951219512,36.36585365853659,5,Depressed level of consciousness,Moderate
0.001006036217303823,"frozenset({'LAMOTRIGINE', 'PRAMIPEXOLE', 'Suicidal ideation'})",3,"frozenset({'LAMOTRIGINE', 'PRAMIPEXOLE'})",frozenset({'Suicidal ideation'}),0.16666666666666669,35.5,6,Suicidal ideation,Moderate
0.0008383635144198525,"frozenset({'Anorectal malformation', 'CLOBAZAM', 'LEVETIRACETAM'})",3,"frozenset({'CLOBAZAM', 'LEVETIRACETAM'})",frozenset({'Anorectal malformation'}),0.029411764705882353,35.08235294117647,5,Anorectal malformation,Serious
0.001006036217303823,"frozenset({'Drug dependence', 'CLOBAZAM', 'BACLOFEN'})",3,"frozenset({'CLOBAZAM', 'BACLOFEN'})",frozenset({'Drug dependence'}),0.1276595744680851,34.6073500967118,6,Drug dependence,Moderate
0.0008383635144198525,"frozenset({'CLOBAZAM', 'VALPROIC ACID', 'Delirium'})",3,"frozenset({'VALPROIC ACID', 'CLOBAZAM'})",frozenset({'Delirium'}),0.0746268656716418,34.23650975889782,5,Delirium,Moderate
0.002012072434607646,"frozenset({'LAMOTRIGINE', 'Toxic optic neuropathy', 'LEVETIRACETAM'})",3,"frozenset({'LAMOTRIGINE', 'LEVETIRACETAM'})",frozenset({'Toxic optic neuropathy'}),0.06557377049180328,32.59016393442623,12,Toxic optic neuropathy,Moderate
0.0008383635144198525,"frozenset({'Anorectal malformation', 'LAMOTRIGINE', 'LEVETIRACETAM'})",3,"frozenset({'LAMOTRIGINE', 'LEVETIRACETAM'})",frozenset({'Anorectal malformation'}),0.027322404371584702,32.59016393442623,5,Anorectal malformation,Serious
0.001006036217303823,"frozenset({'Foetal exposure during pregnancy', 'LAMOTRIGINE', 'ZONISAMIDE'})",3,"frozenset({'LAMOTRIGINE', 'ZONISAMIDE'})",frozenset({'Foetal exposure during pregnancy'}),0.20689655172413796,32.471869328493646,6,Foetal exposure during pregnancy,Moderate
0.0008383635144198525,"frozenset({'LAMOTRIGINE', 'DIAZEPAM', 'Drug reaction with eosinophilia and systemic symptoms'})",3,"frozenset({'LAMOTRIGINE', 'DIAZEPAM'})",frozenset({'Drug reaction with eosinophilia and systemic symptoms'}),0.15625,32.133620689655174,5,Drug reaction with eosinophilia and systemic symptoms,Serious
0.0008383635144198525,"frozenset({'NAPROXEN', 'TOPIRAMATE', 'Type 2 diabetes mellitus'})",3,"frozenset({'NAPROXEN', 'TOPIRAMATE'})",frozenset({'Type 2 diabetes mellitus'}),0.03759398496240602,32.03007518796993,5,Type 2 diabetes mellitus,Moderate
0.0018443997317236754,"frozenset({'DIAZEPAM', 'Schizophrenia', 'RISPERIDONE'})",3,"frozenset({'DIAZEPAM', 'RISPERIDONE'})",frozenset({'Schizophrenia'}),0.07971014492753624,31.69275362318841,11,Schizophrenia,Serious
0.001006036217303823,"frozenset({'Suicide attempt', 'LAMOTRIGINE', 'PRAMIPEXOLE'})",3,"frozenset({'LAMOTRIGINE', 'PRAMIPEXOLE'})",frozenset({'Suicide attempt'}),0.16666666666666669,31.062500000000004,6,Suicide attempt,Moderate
0.0008383635144198525,"frozenset({'GABAPENTIN', 'Drug dependence', 'PHENOBARBITAL'})",3,"frozenset({'GABAPENTIN', 'PHENOBARBITAL'})",frozenset({'Drug dependence'}),0.11111111111111112,30.121212121212125,5,Drug dependence,Moderate
0.0008383635144198525,"frozenset({'Abdominal pain', 'MELATONIN', 'CEFTRIAXONE'})",3,"frozenset({'MELATONIN', 'CEFTRIAXONE'})",frozenset({'Abdominal pain'}),0.0847457627118644,29.730807577268195,5,Abdominal pain,Moderate
0.0011737089201877935,"frozenset({'Pneumonia aspiration', 'LACOSAMIDE', 'CLOBAZAM'})",3,"frozenset({'LACOSAMIDE', 'CLOBAZAM'})",frozenset({'Pneumonia aspiration'}),0.07954545454545454,29.650568181818183,7,Pneumonia aspiration,Moderate
0.0008383635144198525,"frozenset({'TRIHEXYPHENIDYL', 'Somnolence', 'AMANTADINE'})",3,"frozenset({'TRIHEXYPHENIDYL', 'AMANTADINE'})",frozenset({'Somnolence'}),0.25,29.235294117647058,5,Somnolence,Moderate
0.0008383635144198525,"frozenset({'Drug dependence', 'PHENOBARBITAL', 'BACLOFEN'})",3,"frozenset({'PHENOBARBITAL', 'BACLOFEN'})",frozenset({'Drug dependence'}),0.10638297872340426,28.8394584139265,5,Drug dependence,Moderate
0.0008383635144198525,"frozenset({'GABAPENTIN', 'Drug dependence', 'CLOBAZAM'})",3,"frozenset({'GABAPENTIN', 'CLOBAZAM'})",frozenset({'Drug dependence'}),0.09615384615384616,26.066433566433567,5,Drug dependence,Moderate
0.002012072434607646,"frozenset({'Condition aggravated', 'LAMOTRIGINE', 'PRAMIPEXOLE'})",3,"frozenset({'LAMOTRIGINE', 'PRAMIPEXOLE'})",frozenset({'Condition aggravated'}),0.33333333333333337,25.81818181818182,12,Condition aggravated,Moderate
0.001006036217303823,"frozenset({'LAMOTRIGINE', 'ZOLPIDEM', 'Suicidal ideation'})",3,"frozenset({'LAMOTRIGINE', 'ZOLPIDEM'})",frozenset({'Suicidal ideation'}),0.11764705882352941,25.058823529411764,6,Suicidal ideation,Moderate
0.0013413816230717639,"frozenset({'GABAPENTIN', 'Abdominal distension', 'MELATONIN'})",3,"frozenset({'GABAPENTIN', 'MELATONIN'})",frozenset({'Abdominal distension'}),0.058823529411764705,25.058823529411764,8,Abdominal distension,Moderate
0.0025150905432595573,"frozenset({'Serotonin syndrome', 'AMITRIPTYLINE', 'PREGABALIN'})",3,"frozenset({'AMITRIPTYLINE', 'PREGABALIN'})",frozenset({'Serotonin syndrome'}),0.15957446808510636,24.402618657937804,15,Serotonin syndrome,Moderate
0.0008383635144198525,"frozenset({'GABAPENTIN', 'Product use issue', 'BACLOFEN'})",3,"frozenset({'GABAPENTIN', 'BACLOFEN'})",frozenset({'Product use issue'}),0.047619047619047616,23.666666666666664,5,Product use issue,Moderate
0.0011737089201877935,"frozenset({'Condition aggravated', 'PREDNISOLONE', 'LEVETIRACETAM'})",3,"frozenset({'PREDNISOLONE', 'LEVETIRACETAM'})",frozenset({'Condition aggravated'}),0.30434782608695654,23.57312252964427,7,Condition aggravated,Moderate
0.001006036217303823,"frozenset({'VALPROIC ACID', 'LACOSAMIDE', 'Status epilepticus'})",3,"frozenset({'VALPROIC ACID', 'LACOSAMIDE'})",frozenset({'Status epilepticus'}),0.075,23.542105263157893,6,Status epilepticus,Moderate
0.001006036217303823,"frozenset({'TOPIRAMATE', 'Multiple-drug resistance', 'LEVETIRACETAM'})",3,"frozenset({'TOPIRAMATE', 'LEVETIRACETAM'})",frozenset({'Multiple-drug resistance'}),0.1090909090909091,23.236363636363638,6,Multiple-drug resistance,Moderate
0.0011737089201877935,"frozenset({'LAMOTRIGINE', 'LEVETIRACETAM', 'Sudden unexplained death in epilepsy'})",3,"frozenset({'LAMOTRIGINE', 'LEVETIRACETAM'})",frozenset({'Sudden unexplained death in epilepsy'}),0.03825136612021858,22.81311475409836,7,Sudden unexplained death in epilepsy,Moderate
0.0015090543259557343,"frozenset({'PHENYTOIN', 'GABAPENTIN', 'Drug ineffective for unapproved indication'})",3,"frozenset({'PHENYTOIN', 'GABAPENTIN'})",frozenset({'Drug ineffective for unapproved indication'}),0.19999999999999998,22.50566037735849,9,Drug ineffective for unapproved indication,Moderate
0.0013413816230717639,"frozenset({'PHENYTOIN', 'IBUPROFEN', 'Drug ineffective for unapproved indication'})",3,"frozenset({'PHENYTOIN', 'IBUPROFEN'})",frozenset({'Drug ineffective for unapproved indication'}),0.19999999999999998,22.50566037735849,8,Drug ineffective for unapproved indication,Moderate
0.0008383635144198525,"frozenset({'NAPROXEN', 'Abdominal pain upper', 'TOPIRAMATE'})",3,"frozenset({'NAPROXEN', 'TOPIRAMATE'})",frozenset({'Abdominal pain upper'}),0.03759398496240602,22.42105263157895,5,Abdominal pain upper,Moderate
0.0008383635144198525,"frozenset({'Condition aggravated', 'ZOLPIDEM', 'PRAMIPEXOLE'})",3,"frozenset({'ZOLPIDEM', 'PRAMIPEXOLE'})",frozenset({'Condition aggravated'}),0.2631578947368421,20.38277511961722,5,Condition aggravated,Moderate
0.0011737089201877935,"frozenset({'Weight increased', 'TOPIRAMATE', 'RITUXIMAB'})",3,"frozenset({'TOPIRAMATE', 'RITUXIMAB'})",frozenset({'Weight increased'}),0.04093567251461988,20.345029239766077,7,Weight increased,Moderate
0.001006036217303823,"frozenset({'Pleural effusion', 'LAMOTRIGINE', 'TOPIRAMATE'})",3,"frozenset({'LAMOTRIGINE', 'TOPIRAMATE'})",frozenset({'Pleural effusion'}),0.04724409448818898,20.125984251968507,6,Pleural effusion,Serious
0.0008383635144198525,"frozenset({'DIAZEPAM', 'Hepatic enzyme increased', 'RISPERIDONE'})",3,"frozenset({'DIAZEPAM', 'RISPERIDONE'})",frozenset({'Hepatic enzyme increased'}),0.036231884057971016,19.64426877470356,5,Hepatic enzyme increased,Moderate
0.0011737089201877935,"frozenset({'CARBAMAZEPINE', 'AMITRIPTYLINE', 'Fall'})",3,"frozenset({'CARBAMAZEPINE', 'AMITRIPTYLINE'})",frozenset({'Fall'}),0.17073170731707316,19.212149102623098,7,Fall,Serious
0.0008383635144198525,"frozenset({'Drug dependence', 'CLOBAZAM', 'PHENOBARBITAL'})",3,"frozenset({'CLOBAZAM', 'PHENOBARBITAL'})",frozenset({'Drug dependence'}),0.07042253521126761,19.09090909090909,5,Drug dependence,Moderate
0.0008383635144198525,"frozenset({'PHENYTOIN', 'Status epilepticus', 'LEVETIRACETAM'})",3,"frozenset({'PHENYTOIN', 'LEVETIRACETAM'})",frozenset({'Status epilepticus'}),0.058823529411764705,18.46439628482972,5,Status epilepticus,Moderate
0.0018443997317236754,"frozenset({'Foetal exposure during pregnancy', 'LAMOTRIGINE', 'CLOBAZAM'})",3,"frozenset({'LAMOTRIGINE', 'CLOBAZAM'})",frozenset({'Foetal exposure during pregnancy'}),0.11702127659574467,18.366181410974242,11,Foetal exposure during pregnancy,Moderate
0.0008383635144198525,"frozenset({'Suicide attempt', 'LAMOTRIGINE', 'ZOLPIDEM'})",3,"frozenset({'LAMOTRIGINE', 'ZOLPIDEM'})",frozenset({'Suicide attempt'}),0.09803921568627451,18.272058823529413,5,Suicide attempt,Moderate
0.0008383635144198525,"frozenset({'GABAPENTIN', 'Product use issue', 'MELATONIN'})",3,"frozenset({'GABAPENTIN', 'MELATONIN'})",frozenset({'Product use issue'}),0.03676470588235294,18.27205882352941,5,Product use issue,Moderate
0.0008383635144198525,"frozenset({'Maternal death', 'LAMOTRIGINE', 'LEVETIRACETAM'})",3,"frozenset({'LAMOTRIGINE', 'LEVETIRACETAM'})",frozenset({'Maternal death'}),0.027322404371584702,18.105646630236798,5,Maternal death,Moderate
0.0008383635144198525,"frozenset({'Abdominal pain', 'GABAPENTIN', 'CEFTRIAXONE'})",3,"frozenset({'GABAPENTIN', 'CEFTRIAXONE'})",frozenset({'Abdominal pain'}),0.05154639175257732,18.083687083080655,5,Abdominal pain,Moderate
0.0008383635144198525,"frozenset({'CLOBAZAM', 'TOPIRAMATE', 'Multiple-drug resistance'})",3,"frozenset({'TOPIRAMATE', 'CLOBAZAM'})",frozenset({'Multiple-drug resistance'}),0.08064516129032258,17.177419354838708,5,Multiple-drug resistance,Moderate
0.0008383635144198525,"frozenset({'Paraesthesia', 'TOPIRAMATE', 'LAMOTRIGINE'})",3,"frozenset({'LAMOTRIGINE', 'TOPIRAMATE'})",frozenset({'Paraesthesia'}),0.03937007874015748,16.771653543307085,5,Paraesthesia,Moderate
0.001006036217303823,"frozenset({'RISPERIDONE', 'ZOPICLONE', 'Fall'})",3,"frozenset({'RISPERIDONE', 'ZOPICLONE'})",frozenset({'Fall'}),0.14285714285714288,16.07547169811321,6,Fall,Serious
0.0011737089201877935,"frozenset({'Serotonin syndrome', 'DULOXETINE', 'GABAPENTIN'})",3,"frozenset({'GABAPENTIN', 'DULOXETINE'})",frozenset({'Serotonin syndrome'}),0.10447761194029852,15.977037887485649,7,Serotonin syndrome,Moderate
0.0015090543259557343,"frozenset({'Premature baby', 'CLOBAZAM', 'LEVETIRACETAM'})",3,"frozenset({'CLOBAZAM', 'LEVETIRACETAM'})",frozenset({'Premature baby'}),0.052941176470588235,15.78705882352941,9,Premature baby,Moderate
0.001006036217303823,"frozenset({'GABAPENTIN', 'Drug dependence', 'BACLOFEN'})",3,"frozenset({'GABAPENTIN', 'BACLOFEN'})",frozenset({'Drug dependence'}),0.05714285714285715,15.490909090909092,6,Drug dependence,Moderate
0.001006036217303823,"frozenset({'Abdominal pain', 'MELATONIN', 'GABAPENTIN'})",3,"frozenset({'GABAPENTIN', 'MELATONIN'})",frozenset({'Abdominal pain'}),0.04411764705882353,15.477508650519033,6,Abdominal pain,Moderate
0.0008383635144198525,"frozenset({'LAMOTRIGINE', 'TOPIRAMATE', 'Insomnia'})",3,"frozenset({'LAMOTRIGINE', 'TOPIRAMATE'})",frozenset({'Insomnia'}),0.03937007874015748,14.675196850393702,5,Insomnia,Moderate
0.0013413816230717639,"frozenset({'IBUPROFEN', 'Drug ineffective for unapproved indication', 'GABAPENTIN'})",3,"frozenset({'IBUPROFEN', 'GABAPENTIN'})",frozenset({'Drug ineffective for unapproved indication'}),0.12903225806451613,14.51978088861838,8,Drug ineffective for unapproved indication,Moderate
0.001006036217303823,"frozenset({'PREDNISOLONE', 'Colitis ulcerative', 'CYCLOSPORINE'})",3,"frozenset({'CYCLOSPORINE', 'PREDNISOLONE'})",frozenset({'Colitis ulcerative'}),0.03592814371257485,14.28502994011976,6,Colitis ulcerative,Moderate
0.001006036217303823,"frozenset({'Arrhythmia', 'LACOSAMIDE', 'LEVETIRACETAM'})",3,"frozenset({'LACOSAMIDE', 'LEVETIRACETAM'})",frozenset({'Arrhythmia'}),0.020761245674740487,13.75778546712803,6,Arrhythmia,Moderate
0.0008383635144198525,"frozenset({'CLOBAZAM', 'Delirium', 'LEVETIRACETAM'})",3,"frozenset({'CLOBAZAM', 'LEVETIRACETAM'})",frozenset({'Delirium'}),0.029411764705882353,13.493212669683256,5,Delirium,Moderate
0.001006036217303823,"frozenset({'AZATHIOPRINE', 'Colitis ulcerative', 'PREDNISOLONE'})",3,"frozenset({'PREDNISOLONE', 'AZATHIOPRINE'})",frozenset({'Colitis ulcerative'}),0.03260869565217392,12.96521739130435,6,Colitis ulcerative,Moderate
0.0008383635144198525,"frozenset({'CEFTRIAXONE', 'GABAPENTIN', 'Pulmonary embolism'})",3,"frozenset({'GABAPENTIN', 'CEFTRIAXONE'})",frozenset({'Pulmonary embolism'}),0.05154639175257732,12.809278350515463,5,Pulmonary embolism,Serious
0.0015090543259557343,"frozenset({'DIAZEPAM', 'Vomiting', 'RISPERIDONE'})",3,"frozenset({'DIAZEPAM', 'RISPERIDONE'})",frozenset({'Vomiting'}),0.06521739130434782,12.546984572230015,9,Vomiting,Moderate
0.0008383635144198525,"frozenset({'PHENOBARBITAL', 'LEVETIRACETAM', 'Treatment failure'})",3,"frozenset({'LEVETIRACETAM', 'PHENOBARBITAL'})",frozenset({'Treatment failure'}),0.07936507936507937,12.456140350877194,5,Treatment failure,Moderate
0.0008383635144198525,"frozenset({'Gait disturbance', 'CLOBAZAM', 'LEVETIRACETAM'})",3,"frozenset({'CLOBAZAM', 'LEVETIRACETAM'})",frozenset({'Gait disturbance'}),0.029411764705882353,11.694117647058823,5,Gait disturbance,Moderate
0.0013413816230717639,"frozenset({'Maternal exposure during pregnancy', 'LAMOTRIGINE', 'CLOBAZAM'})",3,"frozenset({'LAMOTRIGINE', 'CLOBAZAM'})",frozenset({'Maternal exposure during pregnancy'}),0.08510638297872339,11.535783365570598,8,Maternal exposure during pregnancy,Moderate
0.001006036217303823,"frozenset({'NAPROXEN', 'TOPIRAMATE', 'Rash'})",3,"frozenset({'NAPROXEN', 'TOPIRAMATE'})",frozenset({'Rash'}),0.04511278195488722,11.210526315789474,6,Rash,Moderate
0.0008383635144198525,"frozenset({'Seizure', 'CLOBAZAM', 'PHENOBARBITAL'})",3,"frozenset({'CLOBAZAM', 'PHENOBARBITAL'})",frozenset({'Seizure'}),0.07042253521126761,11.052631578947368,5,Seizure,Moderate
0.0018443997317236754,"frozenset({'Nausea', 'DIAZEPAM', 'RISPERIDONE'})",3,"frozenset({'DIAZEPAM', 'RISPERIDONE'})",frozenset({'Nausea'}),0.07971014492753624,10.804347826086957,11,Nausea,Moderate
0.0013413816230717639,"frozenset({'Suicide attempt', 'DIAZEPAM', 'RISPERIDONE'})",3,"frozenset({'DIAZEPAM', 'RISPERIDONE'})",frozenset({'Suicide attempt'}),0.057971014492753624,10.804347826086957,8,Suicide attempt,Moderate
0.0008383635144198525,"frozenset({'MYCOPHENOLATE MOFETIL', 'PREDNISOLONE', 'Delayed graft function'})",3,"frozenset({'MYCOPHENOLATE MOFETIL', 'PREDNISOLONE'})",frozenset({'Delayed graft function'}),0.009041591320072333,10.784810126582279,5,Delayed graft function,Moderate
0.0011737089201877935,"frozenset({'Pneumonia', 'DIAZEPAM', 'RISPERIDONE'})",3,"frozenset({'DIAZEPAM', 'RISPERIDONE'})",frozenset({'Pneumonia'}),0.050724637681159424,10.431784107946028,7,Pneumonia,Moderate
0.0013413816230717639,"frozenset({'IBUPROFEN', 'Therapy non-responder', 'GABAPENTIN'})",3,"frozenset({'IBUPROFEN', 'GABAPENTIN'})",frozenset({'Therapy non-responder'}),0.12903225806451613,10.260645161290322,8,Therapy non-responder,Moderate
0.001006036217303823,"frozenset({'LAMOTRIGINE', 'Seizure', 'CLOBAZAM'})",3,"frozenset({'LAMOTRIGINE', 'CLOBAZAM'})",frozenset({'Seizure'}),0.06382978723404255,10.017917133258678,6,Seizure,Moderate
0.001006036217303823,"frozenset({'Premature baby', 'LAMOTRIGINE', 'LEVETIRACETAM'})",3,"frozenset({'LAMOTRIGINE', 'LEVETIRACETAM'})",frozenset({'Premature baby'}),0.03278688524590164,9.777049180327868,6,Premature baby,Moderate
0.0018443997317236754,"frozenset({'Foetal exposure during pregnancy', 'LAMOTRIGINE', 'LEVETIRACETAM'})",3,"frozenset({'LAMOTRIGINE', 'LEVETIRACETAM'})",frozenset({'Foetal exposure during pregnancy'}),0.060109289617486336,9.433994823123381,11,Foetal exposure during pregnancy,Moderate
0.0008383635144198525,"frozenset({'Oxygen saturation decreased', 'LACOSAMIDE', 'LEVETIRACETAM'})",3,"frozenset({'LACOSAMIDE', 'LEVETIRACETAM'})",frozenset({'Oxygen saturation decreased'}),0.01730103806228374,9.380308273041837,5,Oxygen saturation decreased,Moderate
0.0008383635144198525,"frozenset({'Status epilepticus', 'CLOBAZAM', 'LEVETIRACETAM'})",3,"frozenset({'CLOBAZAM', 'LEVETIRACETAM'})",frozenset({'Status epilepticus'}),0.029411764705882353,9.23219814241486,5,Status epilepticus,Moderate
0.001006036217303823,"frozenset({'Condition aggravated', 'ZOLPIDEM', 'LAMOTRIGINE'})",3,"frozenset({'LAMOTRIGINE', 'ZOLPIDEM'})",frozenset({'Condition aggravated'}),0.11764705882352941,9.11229946524064,6,Condition aggravated,Moderate
0.00335345405767941,"frozenset({'PREDNISOLONE', 'AZATHIOPRINE', 'Therapy non-responder'})",3,"frozenset({'AZATHIOPRINE', 'PREDNISOLONE'})",frozenset({'Therapy non-responder'}),0.10869565217391305,8.643478260869566,20,Therapy non-responder,Moderate
0.001006036217303823,"frozenset({'MYCOPHENOLATE MOFETIL', 'CYCLOSPORINE', 'Pneumonia cytomegaloviral'})",3,"frozenset({'MYCOPHENOLATE MOFETIL', 'CYCLOSPORINE'})",frozenset({'Pneumonia cytomegaloviral'}),0.015228426395939089,8.256575911398247,6,Pneumonia cytomegaloviral,Moderate
0.0031857813547954395,"frozenset({'MYCOPHENOLATE MOFETIL', 'PREDNISOLONE', 'Transplant rejection'})",3,"frozenset({'MYCOPHENOLATE MOFETIL', 'PREDNISOLONE'})",frozenset({'Transplant rejection'}),0.034358047016274866,7.881207400194742,19,Transplant rejection,Moderate
0.0011737089201877935,"frozenset({'LACOSAMIDE', 'Status epilepticus', 'LEVETIRACETAM'})",3,"frozenset({'LACOSAMIDE', 'LEVETIRACETAM'})",frozenset({'Status epilepticus'}),0.02422145328719723,7.60298670551812,7,Status epilepticus,Moderate
0.001676727028839705,"frozenset({'Maternal exposure during pregnancy', 'LAMOTRIGINE', 'LEVETIRACETAM'})",3,"frozenset({'LAMOTRIGINE', 'LEVETIRACETAM'})",frozenset({'Maternal exposure during pregnancy'}),0.054644808743169404,7.406855439642325,10,Maternal exposure during pregnancy,Moderate
0.0008383635144198525,"frozenset({'Thrombocytopenia', 'VALPROIC ACID', 'LEVETIRACETAM'})",3,"frozenset({'VALPROIC ACID', 'LEVETIRACETAM'})",frozenset({'Thrombocytopenia'}),0.03597122302158274,7.397668072438602,5,Thrombocytopenia,Moderate
0.0011737089201877935,"frozenset({'Infection', 'MYCOPHENOLATE MOFETIL', 'CYCLOSPORINE'})",3,"frozenset({'MYCOPHENOLATE MOFETIL', 'CYCLOSPORINE'})",frozenset({'Infection'}),0.017766497461928935,7.063959390862944,7,Infection,Moderate
0.0013413816230717639,"frozenset({'LAMOTRIGINE', 'Seizure', 'LEVETIRACETAM'})",3,"frozenset({'LAMOTRIGINE', 'LEVETIRACETAM'})",frozenset({'Seizure'}),0.04371584699453552,6.8610871440897325,8,Seizure,Moderate
0.0015090543259557343,"frozenset({'PHENYTOIN', 'TOPIRAMATE', 'Drug ineffective'})",3,"frozenset({'PHENYTOIN', 'TOPIRAMATE'})",frozenset({'Drug ineffective'}),0.4736842105263157,6.8237986270022875,9,Drug ineffective,Moderate
0.0008383635144198525,"frozenset({'Pancreatitis acute', 'LACOSAMIDE', 'LEVETIRACETAM'})",3,"frozenset({'LACOSAMIDE', 'LEVETIRACETAM'})",frozenset({'Pancreatitis acute'}),0.01730103806228374,6.4489619377162635,5,Pancreatitis acute,Serious
0.001006036217303823,"frozenset({'GABAPENTIN', 'Fall', 'BACLOFEN'})",3,"frozenset({'GABAPENTIN', 'BACLOFEN'})",frozenset({'Fall'}),0.05714285714285715,6.430188679245283,6,Fall,Serious
0.0013413816230717639,"frozenset({'Maternal exposure during pregnancy', 'CLOBAZAM', 'LEVETIRACETAM'})",3,"frozenset({'CLOBAZAM', 'LEVETIRACETAM'})",frozenset({'Maternal exposure during pregnancy'}),0.047058823529411764,6.3786096256684495,8,Maternal exposure during pregnancy,Moderate
0.0013413816230717639,"frozenset({'MYCOPHENOLATE MOFETIL', 'PREDNISOLONE', 'COVID-19 pneumonia'})",3,"frozenset({'MYCOPHENOLATE MOFETIL', 'PREDNISOLONE'})",frozenset({'COVID-19 pneumonia'}),0.014466546112115732,6.162748643761302,8,COVID-19 pneumonia,Serious
0.0008383635144198525,"frozenset({'Generalised tonic-clonic seizure', 'LACOSAMIDE', 'LEVETIRACETAM'})",3,"frozenset({'LACOSAMIDE', 'LEVETIRACETAM'})",frozenset({'Generalised tonic-clonic seizure'}),0.01730103806228374,6.06961123549766,5,Generalised tonic-clonic seizure,Moderate
0.0013413816230717639,"frozenset({'LACOSAMIDE', 'PHENOBARBITAL', 'Drug ineffective'})",3,"frozenset({'LACOSAMIDE', 'PHENOBARBITAL'})",frozenset({'Drug ineffective'}),0.42105263157894735,6.06559877955759,8,Drug ineffective,Moderate
0.0008383635144198525,"frozenset({'Pneumonia', 'TOPIRAMATE', 'RITUXIMAB'})",3,"frozenset({'TOPIRAMATE', 'RITUXIMAB'})",frozenset({'Pneumonia'}),0.029239766081871347,6.0133091349062315,5,Pneumonia,Moderate
0.0026827632461435278,"frozenset({'PHENYTOIN', 'IBUPROFEN', 'Drug ineffective'})",3,"frozenset({'PHENYTOIN', 'IBUPROFEN'})",frozenset({'Drug ineffective'}),0.39999999999999997,5.76231884057971,16,Drug ineffective,Moderate
0.0015090543259557343,"frozenset({'MYCOPHENOLATE MOFETIL', 'Pneumocystis jirovecii pneumonia', 'PREDNISOLONE'})",3,"frozenset({'MYCOPHENOLATE MOFETIL', 'PREDNISOLONE'})",frozenset({'Pneumocystis jirovecii pneumonia'}),0.016274864376130196,5.709605361131794,9,Pneumocystis jirovecii pneumonia,Moderate
0.002850435949027498,"frozenset({'PHENYTOIN', 'GABAPENTIN', 'Drug ineffective'})",3,"frozenset({'PHENYTOIN', 'GABAPENTIN'})",frozenset({'Drug ineffective'}),0.37777777777777777,5.442190016103059,17,Drug ineffective,Moderate
0.0008383635144198525,"frozenset({'Therapeutic product effect incomplete', 'LAMOTRIGINE', 'LEVETIRACETAM'})",3,"frozenset({'LAMOTRIGINE', 'LEVETIRACETAM'})",frozenset({'Therapeutic product effect incomplete'}),0.027322404371584702,5.4316939890710385,5,Therapeutic product effect incomplete,Moderate
0.001006036217303823,"frozenset({'MYCOPHENOLATE MOFETIL', 'Pneumocystis jirovecii pneumonia', 'CYCLOSPORINE'})",3,"frozenset({'MYCOPHENOLATE MOFETIL', 'CYCLOSPORINE'})",frozenset({'Pneumocystis jirovecii pneumonia'}),0.015228426395939089,5.342490295610631,6,Pneumocystis jirovecii pneumonia,Moderate
0.0021797451374916165,"frozenset({'IBUPROFEN', 'Off label use', 'GABAPENTIN'})",3,"frozenset({'IBUPROFEN', 'GABAPENTIN'})",frozenset({'Off label use'}),0.20967741935483872,5.298797156916348,13,Off label use,Moderate
0.0008383635144198525,"frozenset({'LACOSAMIDE', 'LEVETIRACETAM', 'Depressed level of consciousness'})",3,"frozenset({'LACOSAMIDE', 'LEVETIRACETAM'})",frozenset({'Depressed level of consciousness'}),0.01730103806228374,5.159169550173011,5,Depressed level of consciousness,Moderate
0.0015090543259557343,"frozenset({'PHENYTOIN', 'GABAPENTIN', 'Off label use'})",3,"frozenset({'PHENYTOIN', 'GABAPENTIN'})",frozenset({'Off label use'}),0.19999999999999998,5.054237288135592,9,Off label use,Moderate
0.0011737089201877935,"frozenset({'VALPROIC ACID', 'Drug ineffective', 'OXCARBAZEPINE'})",3,"frozenset({'VALPROIC ACID', 'OXCARBAZEPINE'})",frozenset({'Drug ineffective'}),0.35,5.042028985507247,7,Drug ineffective,Moderate
0.0008383635144198525,"frozenset({'MYCOPHENOLATE MOFETIL', 'PREDNISOLONE', 'Pancytopenia'})",3,"frozenset({'MYCOPHENOLATE MOFETIL', 'PREDNISOLONE'})",frozenset({'Pancytopenia'}),0.009041591320072333,4.902186421173763,5,Pancytopenia,Moderate
0.0015090543259557343,"frozenset({'LACOSAMIDE', 'Seizure', 'LEVETIRACETAM'})",3,"frozenset({'LACOSAMIDE', 'LEVETIRACETAM'})",frozenset({'Seizure'}),0.031141868512110725,4.88763431069022,9,Seizure,Moderate
0.002347417840375587,"frozenset({'COVID-19', 'MYCOPHENOLATE MOFETIL', 'PREDNISOLONE'})",3,"frozenset({'MYCOPHENOLATE MOFETIL', 'PREDNISOLONE'})",frozenset({'COVID-19'}),0.02531645569620253,4.8705594120049,14,COVID-19,Serious
0.0008383635144198525,"frozenset({'Seizure', 'CLOBAZAM', 'LEVETIRACETAM'})",3,"frozenset({'CLOBAZAM', 'LEVETIRACETAM'})",frozenset({'Seizure'}),0.029411764705882353,4.61609907120743,5,Seizure,Moderate
0.0008383635144198525,"frozenset({'Foetal exposure during pregnancy', 'CLOBAZAM', 'LEVETIRACETAM'})",3,"frozenset({'CLOBAZAM', 'LEVETIRACETAM'})",frozenset({'Foetal exposure during pregnancy'}),0.029411764705882353,4.61609907120743,5,Foetal exposure during pregnancy,Moderate
0.0011737089201877935,"frozenset({'MYCOPHENOLATE MOFETIL', 'CYCLOSPORINE', 'Cytomegalovirus infection reactivation'})",3,"frozenset({'MYCOPHENOLATE MOFETIL', 'CYCLOSPORINE'})",frozenset({'Cytomegalovirus infection reactivation'}),0.017766497461928935,4.606930037519311,7,Cytomegalovirus infection reactivation,Moderate
0.0011737089201877935,"frozenset({'PHENYTOIN', 'IBUPROFEN', 'Off label use'})",3,"frozenset({'PHENYTOIN', 'IBUPROFEN'})",frozenset({'Off label use'}),0.175,4.422457627118644,7,Off label use,Moderate
0.001006036217303823,"frozenset({'LACOSAMIDE', 'Multiple-drug resistance', 'LEVETIRACETAM'})",3,"frozenset({'LACOSAMIDE', 'LEVETIRACETAM'})",frozenset({'Multiple-drug resistance'}),0.020761245674740487,4.422145328719724,6,Multiple-drug resistance,Moderate
0.0015090543259557343,"frozenset({'MYCOPHENOLATE MOFETIL', 'PREDNISOLONE', 'Cytomegalovirus infection'})",3,"frozenset({'MYCOPHENOLATE MOFETIL', 'PREDNISOLONE'})",frozenset({'Cytomegalovirus infection'}),0.016274864376130196,4.411967779056386,9,Cytomegalovirus infection,Moderate
0.0011737089201877935,"frozenset({'LACOSAMIDE', 'ZONISAMIDE', 'Drug ineffective'})",3,"frozenset({'LACOSAMIDE', 'ZONISAMIDE'})",frozenset({'Drug ineffective'}),0.30434782608695654,4.384373030875867,7,Drug ineffective,Moderate
0.0013413816230717639,"frozenset({'Drug ineffective', 'ZONISAMIDE', 'LEVETIRACETAM'})",3,"frozenset({'ZONISAMIDE', 'LEVETIRACETAM'})",frozenset({'Drug ineffective'}),0.2962962962962963,4.268384326355341,8,Drug ineffective,Moderate
0.001006036217303823,"frozenset({'MYCOPHENOLATE MOFETIL', 'PREDNISOLONE', 'Renal impairment'})",3,"frozenset({'MYCOPHENOLATE MOFETIL', 'PREDNISOLONE'})",frozenset({'Renal impairment'}),0.0108499095840868,4.044303797468355,6,Renal impairment,Moderate
0.0021797451374916165,"frozenset({'TOPIRAMATE', 'LACOSAMIDE', 'Drug ineffective'})",3,"frozenset({'TOPIRAMATE', 'LACOSAMIDE'})",frozenset({'Drug ineffective'}),0.2765957446808511,3.9845821769966085,13,Drug ineffective,Moderate
0.002850435949027498,"frozenset({'IBUPROFEN', 'Drug ineffective', 'GABAPENTIN'})",3,"frozenset({'IBUPROFEN', 'GABAPENTIN'})",frozenset({'Drug ineffective'}),0.27419354838709675,3.94997662459093,17,Drug ineffective,Moderate
0.0008383635144198525,"frozenset({'Sepsis', 'MYCOPHENOLATE MOFETIL', 'PREDNISOLONE'})",3,"frozenset({'MYCOPHENOLATE MOFETIL', 'PREDNISOLONE'})",frozenset({'Sepsis'}),0.009041591320072333,3.851717902350814,5,Sepsis,Moderate
0.0008383635144198525,"frozenset({'Maternal exposure during pregnancy', 'AZATHIOPRINE', 'PREDNISOLONE'})",3,"frozenset({'PREDNISOLONE', 'AZATHIOPRINE'})",frozenset({'Maternal exposure during pregnancy'}),0.027173913043478264,3.6833003952569174,5,Maternal exposure during pregnancy,Moderate
0.002012072434607646,"frozenset({'PHENYTOIN', 'LACOSAMIDE', 'Drug ineffective'})",3,"frozenset({'PHENYTOIN', 'LACOSAMIDE'})",frozenset({'Drug ineffective'}),0.2553191489361702,3.6780758556891766,12,Drug ineffective,Moderate
0.0008383635144198525,"frozenset({'MYCOPHENOLATE MOFETIL', 'CYCLOSPORINE', 'Cytomegalovirus infection'})",3,"frozenset({'MYCOPHENOLATE MOFETIL', 'CYCLOSPORINE'})",frozenset({'Cytomegalovirus infection'}),0.01269035532994924,3.440239963082603,5,Cytomegalovirus infection,Moderate
0.0035211267605633804,"frozenset({'LACOSAMIDE', 'CLOBAZAM', 'Drug ineffective'})",3,"frozenset({'LACOSAMIDE', 'CLOBAZAM'})",frozenset({'Drug ineffective'}),0.23863636363636365,3.437747035573123,21,Drug ineffective,Moderate
0.001676727028839705,"frozenset({'Drug ineffective', 'LEVETIRACETAM', 'PREGABALIN'})",3,"frozenset({'LEVETIRACETAM', 'PREGABALIN'})",frozenset({'Drug ineffective'}),0.2380952380952381,3.4299516908212566,10,Drug ineffective,Moderate
0.0008383635144198525,"frozenset({'Drug ineffective', 'ZONISAMIDE', 'TOPIRAMATE'})",3,"frozenset({'TOPIRAMATE', 'ZONISAMIDE'})",frozenset({'Drug ineffective'}),0.2380952380952381,3.4299516908212566,5,Drug ineffective,Moderate
0.0021797451374916165,"frozenset({'TOPIRAMATE', 'Drug ineffective', 'LEVETIRACETAM'})",3,"frozenset({'TOPIRAMATE', 'LEVETIRACETAM'})",frozenset({'Drug ineffective'}),0.23636363636363636,3.4050065876152833,13,Drug ineffective,Moderate
0.0008383635144198525,"frozenset({'CLOBAZAM', 'Off label use', 'MELATONIN'})",3,"frozenset({'CLOBAZAM', 'MELATONIN'})",frozenset({'Off label use'}),0.13157894736842105,3.325156110615522,5,Off label use,Moderate
0.0015090543259557343,"frozenset({'Drug ineffective', 'CLOBAZAM', 'OXCARBAZEPINE'})",3,"frozenset({'CLOBAZAM', 'OXCARBAZEPINE'})",frozenset({'Drug ineffective'}),0.23076923076923075,3.3244147157190636,9,Drug ineffective,Moderate
0.0008383635144198525,"frozenset({'LAMOTRIGINE', 'TOPIRAMATE', 'Product use in unapproved indication'})",3,"frozenset({'LAMOTRIGINE', 'TOPIRAMATE'})",frozenset({'Product use in unapproved indication'}),0.03937007874015748,3.3070866141732287,5,Product use in unapproved indication,Moderate
0.0011737089201877935,"frozenset({'Maternal exposure during pregnancy', 'LACOSAMIDE', 'LEVETIRACETAM'})",3,"frozenset({'LACOSAMIDE', 'LEVETIRACETAM'})",frozenset({'Maternal exposure during pregnancy'}),0.02422145328719723,3.283107895564643,7,Maternal exposure during pregnancy,Moderate
0.0008383635144198525,"frozenset({'VALPROIC ACID', 'Drug ineffective', 'PHENOBARBITAL'})",3,"frozenset({'VALPROIC ACID', 'PHENOBARBITAL'})",frozenset({'Drug ineffective'}),0.2272727272727273,3.2740447957839267,5,Drug ineffective,Moderate
0.0030181086519114686,"frozenset({'VALPROIC ACID', 'LACOSAMIDE', 'Drug ineffective'})",3,"frozenset({'VALPROIC ACID', 'LACOSAMIDE'})",frozenset({'Drug ineffective'}),0.22499999999999998,3.241304347826087,18,Drug ineffective,Moderate
0.0013413816230717639,"frozenset({'LACOSAMIDE', 'Somnolence', 'LEVETIRACETAM'})",3,"frozenset({'LACOSAMIDE', 'LEVETIRACETAM'})",frozenset({'Somnolence'}),0.027681660899653977,3.2371259922654176,8,Somnolence,Moderate
0.001006036217303823,"frozenset({'Pneumonia', 'MYCOPHENOLATE MOFETIL', 'CYCLOSPORINE'})",3,"frozenset({'MYCOPHENOLATE MOFETIL', 'CYCLOSPORINE'})",frozenset({'Pneumonia'}),0.015228426395939089,3.131804656047611,6,Pneumonia,Moderate
0.0011737089201877935,"frozenset({'CARBAMAZEPINE', 'LACOSAMIDE', 'Drug ineffective'})",3,"frozenset({'CARBAMAZEPINE', 'LACOSAMIDE'})",frozenset({'Drug ineffective'}),0.21212121212121213,3.055775142731665,7,Drug ineffective,Moderate
0.001006036217303823,"frozenset({'PREDNISOLONE', 'CYCLOSPORINE', 'Product use in unapproved indication'})",3,"frozenset({'CYCLOSPORINE', 'PREDNISOLONE'})",frozenset({'Product use in unapproved indication'}),0.03592814371257485,3.0179640718562877,6,Product use in unapproved indication,Moderate
0.0021797451374916165,"frozenset({'Drug ineffective', 'PHENOBARBITAL', 'LEVETIRACETAM'})",3,"frozenset({'LEVETIRACETAM', 'PHENOBARBITAL'})",frozenset({'Drug ineffective'}),0.20634920634920637,2.9726247987117556,13,Drug ineffective,Moderate
0.0015090543259557343,"frozenset({'VALPROIC ACID', 'TOPIRAMATE', 'Drug ineffective'})",3,"frozenset({'VALPROIC ACID', 'TOPIRAMATE'})",frozenset({'Drug ineffective'}),0.20454545454545453,2.9466403162055337,9,Drug ineffective,Moderate
0.0008383635144198525,"frozenset({'TOPIRAMATE', 'AMITRIPTYLINE', 'Drug ineffective'})",3,"frozenset({'TOPIRAMATE', 'AMITRIPTYLINE'})",frozenset({'Drug ineffective'}),0.19999999999999998,2.881159420289855,5,Drug ineffective,Moderate
0.002850435949027498,"frozenset({'PHENYTOIN', 'Drug ineffective', 'LEVETIRACETAM'})",3,"frozenset({'PHENYTOIN', 'LEVETIRACETAM'})",frozenset({'Drug ineffective'}),0.19999999999999998,2.881159420289855,17,Drug ineffective,Moderate
0.0011737089201877935,"frozenset({'Off label use', 'PHENOBARBITAL', 'LEVETIRACETAM'})",3,"frozenset({'LEVETIRACETAM', 'PHENOBARBITAL'})",frozenset({'Off label use'}),0.11111111111111112,2.8079096045197742,7,Off label use,Moderate
0.004527162977867203,"frozenset({'VALPROIC ACID', 'Drug ineffective', 'LEVETIRACETAM'})",3,"frozenset({'VALPROIC ACID', 'LEVETIRACETAM'})",frozenset({'Drug ineffective'}),0.19424460431654678,2.798248357835471,27,Drug ineffective,Moderate
0.002347417840375587,"frozenset({'Drug ineffective', 'OXCARBAZEPINE', 'LEVETIRACETAM'})",3,"frozenset({'OXCARBAZEPINE', 'LEVETIRACETAM'})",frozenset({'Drug ineffective'}),0.1891891891891892,2.7254210732471607,14,Drug ineffective,Moderate
0.008718980549966466,"frozenset({'LACOSAMIDE', 'LEVETIRACETAM', 'Drug ineffective'})",3,"frozenset({'LACOSAMIDE', 'LEVETIRACETAM'})",frozenset({'Drug ineffective'}),0.17993079584775087,2.592046537284991,52,Drug ineffective,Moderate
0.002012072434607646,"frozenset({'VALPROIC ACID', 'Drug ineffective', 'CLOBAZAM'})",3,"frozenset({'VALPROIC ACID', 'CLOBAZAM'})",frozenset({'Drug ineffective'}),0.17910447761194032,2.5801427644386767,12,Drug ineffective,Moderate
0.0013413816230717639,"frozenset({'LACOSAMIDE', 'OXCARBAZEPINE', 'Drug ineffective'})",3,"frozenset({'LACOSAMIDE', 'OXCARBAZEPINE'})",frozenset({'Drug ineffective'}),0.17777777777777778,2.5610305958132047,8,Drug ineffective,Moderate
0.002012072434607646,"frozenset({'MYCOPHENOLATE MOFETIL', 'CYCLOSPORINE', 'Product use in unapproved indication'})",3,"frozenset({'MYCOPHENOLATE MOFETIL', 'CYCLOSPORINE'})",frozenset({'Product use in unapproved indication'}),0.030456852791878177,2.558375634517767,12,Product use in unapproved indication,Moderate
0.0008383635144198525,"frozenset({'LAMOTRIGINE', 'Off label use', 'ZOLPIDEM'})",3,"frozenset({'LAMOTRIGINE', 'ZOLPIDEM'})",frozenset({'Off label use'}),0.09803921568627451,2.477567298105683,5,Off label use,Moderate
0.001006036217303823,"frozenset({'PHENYTOIN', 'VALPROIC ACID', 'Drug ineffective'})",3,"frozenset({'PHENYTOIN', 'VALPROIC ACID'})",frozenset({'Drug ineffective'}),0.17142857142857146,2.4695652173913047,6,Drug ineffective,Moderate
0.0011737089201877935,"frozenset({'PHENYTOIN', 'Drug ineffective', 'CLOBAZAM'})",3,"frozenset({'PHENYTOIN', 'CLOBAZAM'})",frozenset({'Drug ineffective'}),0.16279069767441862,2.3451297607010453,7,Drug ineffective,Moderate
0.001006036217303823,"frozenset({'Drug intolerance', 'MYCOPHENOLATE MOFETIL', 'CYCLOSPORINE'})",3,"frozenset({'MYCOPHENOLATE MOFETIL', 'CYCLOSPORINE'})",frozenset({'Drug intolerance'}),0.015228426395939089,2.3287778211636083,6,Drug intolerance,Moderate
0.001676727028839705,"frozenset({'TOPIRAMATE', 'CLOBAZAM', 'Drug ineffective'})",3,"frozenset({'TOPIRAMATE', 'CLOBAZAM'})",frozenset({'Drug ineffective'}),0.16129032258064516,2.323515661524077,10,Drug ineffective,Moderate
0.0011737089201877935,"frozenset({'GABAPENTIN', 'Drug ineffective', 'PHENOBARBITAL'})",3,"frozenset({'GABAPENTIN', 'PHENOBARBITAL'})",frozenset({'Drug ineffective'}),0.15555555555555556,2.240901771336554,7,Drug ineffective,Moderate
0.004359490274983233,"frozenset({'Drug ineffective', 'CLOBAZAM', 'LEVETIRACETAM'})",3,"frozenset({'CLOBAZAM', 'LEVETIRACETAM'})",frozenset({'Drug ineffective'}),0.15294117647058825,2.2032395566922425,26,Drug ineffective,Moderate
0.0011737089201877935,"frozenset({'Drug ineffective', 'PHENOBARBITAL', 'BACLOFEN'})",3,"frozenset({'PHENOBARBITAL', 'BACLOFEN'})",frozenset({'Drug ineffective'}),0.14893617021276595,2.1455442491520196,7,Drug ineffective,Moderate
0.0011737089201877935,"frozenset({'Drug ineffective', 'CLOBAZAM', 'BACLOFEN'})",3,"frozenset({'CLOBAZAM', 'BACLOFEN'})",frozenset({'Drug ineffective'}),0.14893617021276595,2.1455442491520196,7,Drug ineffective,Moderate
0.0008383635144198525,"frozenset({'Off label use', 'MELATONIN', 'CEFTRIAXONE'})",3,"frozenset({'MELATONIN', 'CEFTRIAXONE'})",frozenset({'Off label use'}),0.0847457627118644,2.14162596954898,5,Off label use,Moderate
0.0011737089201877935,"frozenset({'Acute kidney injury', 'MYCOPHENOLATE MOFETIL', 'PREDNISOLONE'})",3,"frozenset({'MYCOPHENOLATE MOFETIL', 'PREDNISOLONE'})",frozenset({'Acute kidney injury'}),0.012658227848101266,2.0970464135021096,7,Acute kidney injury,Moderate
0.001676727028839705,"frozenset({'Drug ineffective', 'CLOBAZAM', 'PHENOBARBITAL'})",3,"frozenset({'CLOBAZAM', 'PHENOBARBITAL'})",frozenset({'Drug ineffective'}),0.14084507042253522,2.028985507246377,10,Drug ineffective,Moderate
0.0013413816230717639,"frozenset({'Drug interaction', 'MYCOPHENOLATE MOFETIL', 'PREDNISOLONE'})",3,"frozenset({'MYCOPHENOLATE MOFETIL', 'PREDNISOLONE'})",frozenset({'Drug interaction'}),0.014466546112115732,2.0064763026199586,8,Drug interaction,Moderate
0.0008383635144198525,"frozenset({'LAMOTRIGINE', 'Drug ineffective', 'PRAMIPEXOLE'})",3,"frozenset({'LAMOTRIGINE', 'PRAMIPEXOLE'})",frozenset({'Drug ineffective'}),0.1388888888888889,2.000805152979066,5,Drug ineffective,Moderate
0.0011737089201877935,"frozenset({'GABAPENTIN', 'Drug ineffective', 'CLOBAZAM'})",3,"frozenset({'GABAPENTIN', 'CLOBAZAM'})",frozenset({'Drug ineffective'}),0.1346153846153846,1.939241917502787,7,Drug ineffective,Moderate
0.0008383635144198525,"frozenset({'Drug ineffective', 'MELATONIN', 'PHENOBARBITAL'})",3,"frozenset({'MELATONIN', 'PHENOBARBITAL'})",frozenset({'Drug ineffective'}),0.13157894736842105,1.8954996186117468,5,Drug ineffective,Moderate
0.0008383635144198525,"frozenset({'CLOBAZAM', 'Drug ineffective', 'MELATONIN'})",3,"frozenset({'CLOBAZAM', 'MELATONIN'})",frozenset({'Drug ineffective'}),0.13157894736842105,1.8954996186117468,5,Drug ineffective,Moderate
0.0008383635144198525,"frozenset({'VALPROIC ACID', 'DIAZEPAM', 'Drug ineffective'})",3,"frozenset({'VALPROIC ACID', 'DIAZEPAM'})",frozenset({'Drug ineffective'}),0.13157894736842105,1.8954996186117468,5,Drug ineffective,Moderate
0.0011737089201877935,"frozenset({'MYCOPHENOLATE MOFETIL', 'Off label use', 'AZATHIOPRINE'})",3,"frozenset({'MYCOPHENOLATE MOFETIL', 'AZATHIOPRINE'})",frozenset({'Off label use'}),0.07368421052631578,1.8620874219446921,7,Off label use,Moderate
0.0008383635144198525,"frozenset({'GABAPENTIN', 'DIAZEPAM', 'Drug ineffective'})",3,"frozenset({'GABAPENTIN', 'DIAZEPAM'})",frozenset({'Drug ineffective'}),0.1282051282051282,1.8468970642883686,5,Drug ineffective,Moderate
0.0011737089201877935,"frozenset({'CARBAMAZEPINE', 'Drug ineffective', 'LEVETIRACETAM'})",3,"frozenset({'CARBAMAZEPINE', 'LEVETIRACETAM'})",frozenset({'Drug ineffective'}),0.12727272727272726,1.8334650856389987,7,Drug ineffective,Moderate
0.002012072434607646,"frozenset({'MYCOPHENOLATE MOFETIL', 'Drug ineffective', 'AZATHIOPRINE'})",3,"frozenset({'MYCOPHENOLATE MOFETIL', 'AZATHIOPRINE'})",frozenset({'Drug ineffective'}),0.12631578947368421,1.819679633867277,12,Drug ineffective,Moderate
0.0011737089201877935,"frozenset({'VALPROIC ACID', 'LAMOTRIGINE', 'Drug ineffective'})",3,"frozenset({'VALPROIC ACID', 'LAMOTRIGINE'})",frozenset({'Drug ineffective'}),0.125,1.8007246376811594,7,Drug ineffective,Moderate
0.001006036217303823,"frozenset({'LAMOTRIGINE', 'Drug ineffective', 'RISPERIDONE'})",3,"frozenset({'LAMOTRIGINE', 'RISPERIDONE'})",frozenset({'Drug ineffective'}),0.12,1.728695652173913,6,Drug ineffective,Moderate
0.00335345405767941,"frozenset({'PREDNISOLONE', 'Drug ineffective', 'CYCLOSPORINE'})",3,"frozenset({'CYCLOSPORINE', 'PREDNISOLONE'})",frozenset({'Drug ineffective'}),0.11976047904191617,1.7252451618502127,20,Drug ineffective,Moderate
0.001006036217303823,"frozenset({'LAMOTRIGINE', 'ZOLPIDEM', 'Drug ineffective'})",3,"frozenset({'LAMOTRIGINE', 'ZOLPIDEM'})",frozenset({'Drug ineffective'}),0.11764705882352941,1.6947996589940324,6,Drug ineffective,Moderate
0.0008383635144198525,"frozenset({'Drug ineffective', 'MELATONIN', 'BACLOFEN'})",3,"frozenset({'MELATONIN', 'BACLOFEN'})",frozenset({'Drug ineffective'}),0.11627906976744186,1.6750926862150322,5,Drug ineffective,Moderate
0.002012072434607646,"frozenset({'GABAPENTIN', 'Drug ineffective', 'BACLOFEN'})",3,"frozenset({'GABAPENTIN', 'BACLOFEN'})",frozenset({'Drug ineffective'}),0.1142857142857143,1.646376811594203,12,Drug ineffective,Moderate
0.0008383635144198525,"frozenset({'Drug ineffective', 'VANCOMYCIN', 'CEFTRIAXONE'})",3,"frozenset({'VANCOMYCIN', 'CEFTRIAXONE'})",frozenset({'Drug ineffective'}),0.11363636363636365,1.6370223978919634,5,Drug ineffective,Moderate
0.0008383635144198525,"frozenset({'VALPROIC ACID', 'Drug ineffective', 'RISPERIDONE'})",3,"frozenset({'VALPROIC ACID', 'RISPERIDONE'})",frozenset({'Drug ineffective'}),0.11111111111111112,1.600644122383253,5,Drug ineffective,Moderate
0.001006036217303823,"frozenset({'GABAPENTIN', 'Off label use', 'CEFTRIAXONE'})",3,"frozenset({'GABAPENTIN', 'CEFTRIAXONE'})",frozenset({'Off label use'}),0.061855670103092786,1.5631661715883278,6,Off label use,Moderate
0.0013413816230717639,"frozenset({'NAPROXEN', 'Off label use', 'TOPIRAMATE'})",3,"frozenset({'NAPROXEN', 'TOPIRAMATE'})",frozenset({'Off label use'}),0.06015037593984963,1.5200713648528101,8,Off label use,Moderate
0.0013413816230717639,"frozenset({'DULOXETINE', 'Drug ineffective', 'PREGABALIN'})",3,"frozenset({'DULOXETINE', 'PREGABALIN'})",frozenset({'Drug ineffective'}),0.10526315789473684,1.5163996948893974,8,Drug ineffective,Moderate
0.002850435949027498,"frozenset({'Off label use', 'LEVETIRACETAM', 'LACOSAMIDE'})",3,"frozenset({'LACOSAMIDE', 'LEVETIRACETAM'})",frozenset({'Off label use'}),0.058823529411764705,1.4865403788634097,17,Off label use,Moderate
0.0013413816230717639,"frozenset({'GABAPENTIN', 'Off label use', 'MELATONIN'})",3,"frozenset({'GABAPENTIN', 'MELATONIN'})",frozenset({'Off label use'}),0.058823529411764705,1.4865403788634097,8,Off label use,Moderate
0.0038564721663313212,"frozenset({'MYCOPHENOLATE MOFETIL', 'Off label use', 'CYCLOSPORINE'})",3,"frozenset({'MYCOPHENOLATE MOFETIL', 'CYCLOSPORINE'})",frozenset({'Off label use'}),0.0583756345177665,1.4752215434913534,23,Off label use,Moderate
0.0008383635144198525,"frozenset({'MYCOPHENOLATE MOFETIL', 'Drug ineffective for unapproved indication', 'CYCLOSPORINE'})",3,"frozenset({'MYCOPHENOLATE MOFETIL', 'CYCLOSPORINE'})",frozenset({'Drug ineffective for unapproved indication'}),0.01269035532994924,1.4280241356191936,5,Drug ineffective for unapproved indication,Moderate
0.0008383635144198525,"frozenset({'LACOSAMIDE', 'Therapy non-responder', 'LEVETIRACETAM'})",3,"frozenset({'LACOSAMIDE', 'LEVETIRACETAM'})",frozenset({'Therapy non-responder'}),0.01730103806228374,1.3757785467128028,5,Therapy non-responder,Moderate
0.0013413816230717639,"frozenset({'AZATHIOPRINE', 'Drug ineffective', 'CYCLOSPORINE'})",3,"frozenset({'CYCLOSPORINE', 'AZATHIOPRINE'})",frozenset({'Drug ineffective'}),0.08333333333333333,1.2004830917874396,8,Drug ineffective,Moderate
0.001006036217303823,"frozenset({'LAMOTRIGINE', 'Off label use', 'TOPIRAMATE'})",3,"frozenset({'LAMOTRIGINE', 'TOPIRAMATE'})",frozenset({'Off label use'}),0.04724409448818898,1.1939143200320301,6,Off label use,Moderate
0.0013413816230717639,"frozenset({'Off label use', 'TOPIRAMATE', 'RITUXIMAB'})",3,"frozenset({'TOPIRAMATE', 'RITUXIMAB'})",frozenset({'Off label use'}),0.04678362573099415,1.1822777282188521,8,Off label use,Moderate
0.004024144869215292,"frozenset({'MYCOPHENOLATE MOFETIL', 'Off label use', 'PREDNISOLONE'})",3,"frozenset({'MYCOPHENOLATE MOFETIL', 'PREDNISOLONE'})",frozenset({'Off label use'}),0.0433996383363472,1.0967603518558249,24,Off label use,Moderate
0.0011737089201877935,"frozenset({'PREDNISOLONE', 'Off label use', 'CYCLOSPORINE'})",3,"frozenset({'CYCLOSPORINE', 'PREDNISOLONE'})",frozenset({'Off label use'}),0.041916167664670656,1.0592712879326094,7,Off label use,Moderate
0.001006036217303823,"frozenset({'LAMOTRIGINE', 'LACOSAMIDE', 'Drug ineffective'})",3,"frozenset({'LAMOTRIGINE', 'LACOSAMIDE'})",frozenset({'Drug ineffective'}),0.07228915662650603,1.0413829229963334,6,Drug ineffective,Moderate
0.001006036217303823,"frozenset({'Drug ineffective', 'HALOPERIDOL', 'RISPERIDONE'})",3,"frozenset({'HALOPERIDOL', 'RISPERIDONE'})",frozenset({'Drug ineffective'}),0.06521739130434784,0.9395085066162573,6,Drug ineffective,Moderate
0.0013413816230717639,"frozenset({'LAMOTRIGINE', 'Drug ineffective', 'TOPIRAMATE'})",3,"frozenset({'LAMOTRIGINE', 'TOPIRAMATE'})",frozenset({'Drug ineffective'}),0.06299212598425197,0.9074517859180646,8,Drug ineffective,Moderate
0.0008383635144198525,"frozenset({'GABAPENTIN', 'Drug ineffective', 'PREGABALIN'})",3,"frozenset({'GABAPENTIN', 'PREGABALIN'})",frozenset({'Drug ineffective'}),0.0617283950617284,0.8892467346573628,5,Drug ineffective,Moderate
0.001676727028839705,"frozenset({'LAMOTRIGINE', 'Drug ineffective', 'LEVETIRACETAM'})",3,"frozenset({'LAMOTRIGINE', 'LEVETIRACETAM'})",frozenset({'Drug ineffective'}),0.054644808743169404,0.7872020274015998,10,Drug ineffective,Moderate
0.0011737089201877935,"frozenset({'GABAPENTIN', 'Drug ineffective', 'MELATONIN'})",3,"frozenset({'GABAPENTIN', 'MELATONIN'})",frozenset({'Drug ineffective'}),0.05147058823529412,0.7414748508098893,7,Drug ineffective,Moderate
0.00335345405767941,"frozenset({'MYCOPHENOLATE MOFETIL', 'Drug ineffective', 'CYCLOSPORINE'})",3,"frozenset({'MYCOPHENOLATE MOFETIL', 'CYCLOSPORINE'})",frozenset({'Drug ineffective'}),0.05076142131979696,0.7312587361141766,20,Drug ineffective,Moderate
0.0008383635144198525,"frozenset({'MYCOPHENOLATE MOFETIL', 'Condition aggravated', 'PREDNISOLONE'})",3,"frozenset({'MYCOPHENOLATE MOFETIL', 'PREDNISOLONE'})",frozenset({'Condition aggravated'}),0.009041591320072333,0.7003123458819661,5,Condition aggravated,Moderate
0.001006036217303823,"frozenset({'AZATHIOPRINE', 'Drug ineffective', 'PREDNISOLONE'})",3,"frozenset({'PREDNISOLONE', 'AZATHIOPRINE'})",frozenset({'Drug ineffective'}),0.03260869565217392,0.46975425330812864,6,Drug ineffective,Moderate
0.0026827632461435278,"frozenset({'MYCOPHENOLATE MOFETIL', 'Drug ineffective', 'PREDNISOLONE'})",3,"frozenset({'MYCOPHENOLATE MOFETIL', 'PREDNISOLONE'})",frozenset({'Drug ineffective'}),0.028933092224231464,0.4168042560997982,16,Drug ineffective,Moderate
