drug_1,drug_2,pt,final_outcome,case_count,support,confidence,lift
VANCOMYCIN,RITUXIMAB,Quadriparesis,Serious,6,0.001,1.0,852.0
PREDNISOLONE,MELATONIN,Epistaxis,Moderate,5,0.0008,0.5,596.4
METOCLOPRAMIDE,CYCLOSPORINE,Cardiac failure,Serious,9,0.0015,1.0,542.18
ACYCLOVIR,IBUPROFEN,Hepatitis acute,Moderate,5,0.0008,0.71,532.5
METOCLOPRAMIDE,PREDNISOLONE,Thrombotic microangiopathy,Moderate,10,0.0017,1.0,497.0
RIZATRIPTAN,ZOPICLONE,Dysphonia,Moderate,5,0.0008,0.38,458.77
MYCOPHENOLATE MOFETIL,LEVETIRACETAM,Venoocclusive liver disease,Moderate,5,0.0008,0.31,372.75
CEFTRIAXONE,LEVETIRACETAM,Purpura,Moderate,9,0.0015,0.5,331.33
ACYCLOVIR,AMPHOTERICIN B,Renal tubular disorder,Moderate,10,0.0017,0.53,313.89
DIAZEPAM,METHYLPHENIDATE,Pulmonary embolism,Serious,6,0.001,0.67,165.67
CARBAMAZEPINE,LAMOTRIGINE,BRASH syndrome,Serious,5,0.0008,0.14,165.67
MYCOPHENOLATE MOFETIL,ECULIZUMAB,COVID-19,Serious,6,0.001,0.86,164.9
DULOXETINE,ZOPICLONE,Dementia,Moderate,10,0.0017,0.36,163.85
ZOPICLONE,PREGABALIN,Acquired haemophilia,Critical,10,0.0017,0.26,156.95
LAMOTRIGINE,BENZTROPINE,Cardiac arrest,Critical,8,0.0013,0.5,149.1
DULOXETINE,RISPERIDONE,Encephalopathy,Serious,5,0.0008,0.33,142.0
METOCLOPRAMIDE,ZOPICLONE,Ischaemic stroke,Serious,6,0.001,0.55,135.55
GABAPENTIN,LEVETIRACETAM,Purpura,Moderate,9,0.0015,0.2,135.55
PHENYTOIN,GABAPENTIN,Inspiratory capacity decreased,Serious,12,0.002,0.27,132.53
BENZTROPINE,MELATONIN,Cardiac arrest,Critical,7,0.0012,0.44,130.46
PHENYTOIN,IBUPROFEN,Inspiratory capacity decreased,Serious,10,0.0017,0.25,124.25
LAMOTRIGINE,MELATONIN,Cardiac arrest,Critical,14,0.0023,0.41,122.79
GABAPENTIN,AMITRIPTYLINE,Anal incontinence,Moderate,6,0.001,0.14,121.71
ACYCLOVIR,METOCLOPRAMIDE,Inappropriate antidiuretic hormone secretion,Serious,5,0.0008,0.28,118.33
BENZTROPINE,MELATONIN,Death,Critical,6,0.001,0.38,117.71
BENZTROPINE,LAMOTRIGINE,Death,Critical,6,0.001,0.38,117.71
ACYCLOVIR,CEFTRIAXONE,Stevens-Johnson syndrome,Moderate,6,0.001,0.32,110.79
CANDESARTAN,AZATHIOPRINE,Obstructive airways disorder,Moderate,7,0.0012,0.12,101.08
GABAPENTIN,AMANTADINE,Serotonin syndrome,Moderate,9,0.0015,0.64,98.31
LEVETIRACETAM,PHENOBARBITAL,Electrolyte imbalance,Moderate,5,0.0008,0.08,94.67
LAMOTRIGINE,MELATONIN,Death,Critical,10,0.0017,0.29,92.32
RISPERIDONE,RIVASTIGMINE,Parkinsonism,Moderate,5,0.0008,0.33,90.36
LAMOTRIGINE,ZOPICLONE,Cerebrovascular accident,Moderate,8,0.0013,0.21,87.38
ZOPICLONE,BACLOFEN,Suicidal ideation,Moderate,9,0.0015,0.39,83.35
OXCARBAZEPINE,PREGABALIN,Parkinsonism,Moderate,8,0.0013,0.3,80.32
IBUPROFEN,GABAPENTIN,Inspiratory capacity decreased,Serious,10,0.0017,0.16,80.16
MYCOPHENOLATE MOFETIL,ALEMTUZUMAB,Cytomegalovirus infection reactivation,Moderate,12,0.002,0.29,74.09
DIAZEPAM,ZOPICLONE,Myocardial infarction,Moderate,6,0.001,0.17,73.03
TOPIRAMATE,OXCARBAZEPINE,Hypokalaemia,Moderate,6,0.001,0.21,72.58
MELATONIN,CEFTRIAXONE,Ascites,Moderate,5,0.0008,0.08,72.2
DULOXETINE,AMANTADINE,Serotonin syndrome,Moderate,8,0.0013,0.47,71.96
PHENYTOIN,LEVETIRACETAM,Tubulointerstitial nephritis,Moderate,8,0.0013,0.09,70.16
PREGABALIN,BACLOFEN,Altered state of consciousness,Serious,6,0.001,0.11,67.52
MELATONIN,PHENOBARBITAL,Product use issue,Moderate,5,0.0008,0.13,65.39
PREDNISOLONE,LEVETIRACETAM,Hepatic cytolysis,Moderate,5,0.0008,0.22,64.83
PHENOBARBITAL,BACLOFEN,Product prescribing error,Moderate,5,0.0008,0.11,63.45
CLOBAZAM,BACLOFEN,Product prescribing error,Moderate,5,0.0008,0.11,63.45
LAMOTRIGINE,CLOBAZAM,Anorectal malformation,Serious,5,0.0008,0.05,63.45
CANDESARTAN,AZATHIOPRINE,Hypothyroidism,Moderate,5,0.0008,0.08,63.18
GABAPENTIN,CEFTRIAXONE,Purpura,Moderate,9,0.0015,0.09,61.48
MELATONIN,BACLOFEN,Product use issue,Moderate,5,0.0008,0.12,57.79
GABAPENTIN,DULOXETINE,Cholestatic liver injury,Moderate,7,0.0012,0.1,56.65
GABAPENTIN,PHENOBARBITAL,Product use issue,Moderate,5,0.0008,0.11,55.22
PHENOBARBITAL,BACLOFEN,Product use issue,Moderate,5,0.0008,0.11,52.87
VALPROIC ACID,RISPERIDONE,Neuroleptic malignant syndrome,Serious,5,0.0008,0.11,50.97
TOPIRAMATE,PHENOBARBITAL,Multiple-drug resistance,Moderate,5,0.0008,0.24,50.71
DULOXETINE,BACLOFEN,Suicidal ideation,Moderate,5,0.0008,0.23,48.41
VALPROIC ACID,PREGABALIN,Serotonin syndrome,Moderate,5,0.0008,0.31,47.79
GABAPENTIN,CEFTRIAXONE,Ascites,Moderate,5,0.0008,0.05,43.92
GABAPENTIN,MELATONIN,Ascites,Moderate,7,0.0012,0.05,43.85
CLOBAZAM,PHENOBARBITAL,Product prescribing error,Moderate,5,0.0008,0.07,42.0
LEVETIRACETAM,PREGABALIN,Ischaemic stroke,Serious,7,0.0012,0.17,41.42
DULOXETINE,ZOPICLONE,Suicidal ideation,Moderate,5,0.0008,0.18,38.04
DIAZEPAM,RISPERIDONE,Cholelithiasis,Serious,11,0.0018,0.08,36.57
CARBAMAZEPINE,AMITRIPTYLINE,Depressed level of consciousness,Moderate,5,0.0008,0.12,36.37
LAMOTRIGINE,PRAMIPEXOLE,Suicidal ideation,Moderate,6,0.001,0.17,35.5
CLOBAZAM,LEVETIRACETAM,Anorectal malformation,Serious,5,0.0008,0.03,35.08
CLOBAZAM,BACLOFEN,Drug dependence,Moderate,6,0.001,0.13,34.61
VALPROIC ACID,CLOBAZAM,Delirium,Moderate,5,0.0008,0.07,34.24
LAMOTRIGINE,LEVETIRACETAM,Toxic optic neuropathy,Moderate,12,0.002,0.07,32.59
LAMOTRIGINE,LEVETIRACETAM,Anorectal malformation,Serious,5,0.0008,0.03,32.59
LAMOTRIGINE,ZONISAMIDE,Foetal exposure during pregnancy,Moderate,6,0.001,0.21,32.47
LAMOTRIGINE,DIAZEPAM,Drug reaction with eosinophilia and systemic symptoms,Serious,5,0.0008,0.16,32.13
NAPROXEN,TOPIRAMATE,Type 2 diabetes mellitus,Moderate,5,0.0008,0.04,32.03
DIAZEPAM,RISPERIDONE,Schizophrenia,Serious,11,0.0018,0.08,31.69
LAMOTRIGINE,PRAMIPEXOLE,Suicide attempt,Moderate,6,0.001,0.17,31.06
GABAPENTIN,PHENOBARBITAL,Drug dependence,Moderate,5,0.0008,0.11,30.12
MELATONIN,CEFTRIAXONE,Abdominal pain,Moderate,5,0.0008,0.08,29.73
LACOSAMIDE,CLOBAZAM,Pneumonia aspiration,Moderate,7,0.0012,0.08,29.65
TRIHEXYPHENIDYL,AMANTADINE,Somnolence,Moderate,5,0.0008,0.25,29.24
PHENOBARBITAL,BACLOFEN,Drug dependence,Moderate,5,0.0008,0.11,28.84
GABAPENTIN,CLOBAZAM,Drug dependence,Moderate,5,0.0008,0.1,26.07
LAMOTRIGINE,PRAMIPEXOLE,Condition aggravated,Moderate,12,0.002,0.33,25.82
LAMOTRIGINE,ZOLPIDEM,Suicidal ideation,Moderate,6,0.001,0.12,25.06
GABAPENTIN,MELATONIN,Abdominal distension,Moderate,8,0.0013,0.06,25.06
AMITRIPTYLINE,PREGABALIN,Serotonin syndrome,Moderate,15,0.0025,0.16,24.4
GABAPENTIN,BACLOFEN,Product use issue,Moderate,5,0.0008,0.05,23.67
PREDNISOLONE,LEVETIRACETAM,Condition aggravated,Moderate,7,0.0012,0.3,23.57
VALPROIC ACID,LACOSAMIDE,Status epilepticus,Moderate,6,0.001,0.08,23.54
TOPIRAMATE,LEVETIRACETAM,Multiple-drug resistance,Moderate,6,0.001,0.11,23.24
LAMOTRIGINE,LEVETIRACETAM,Sudden unexplained death in epilepsy,Moderate,7,0.0012,0.04,22.81
PHENYTOIN,GABAPENTIN,Drug ineffective for unapproved indication,Moderate,9,0.0015,0.2,22.51
PHENYTOIN,IBUPROFEN,Drug ineffective for unapproved indication,Moderate,8,0.0013,0.2,22.51
NAPROXEN,TOPIRAMATE,Abdominal pain upper,Moderate,5,0.0008,0.04,22.42
ZOLPIDEM,PRAMIPEXOLE,Condition aggravated,Moderate,5,0.0008,0.26,20.38
TOPIRAMATE,RITUXIMAB,Weight increased,Moderate,7,0.0012,0.04,20.35
LAMOTRIGINE,TOPIRAMATE,Pleural effusion,Serious,6,0.001,0.05,20.13
DIAZEPAM,RISPERIDONE,Hepatic enzyme increased,Moderate,5,0.0008,0.04,19.64
CARBAMAZEPINE,AMITRIPTYLINE,Fall,Serious,7,0.0012,0.17,19.21
CLOBAZAM,PHENOBARBITAL,Drug dependence,Moderate,5,0.0008,0.07,19.09
PHENYTOIN,LEVETIRACETAM,Status epilepticus,Moderate,5,0.0008,0.06,18.46
LAMOTRIGINE,CLOBAZAM,Foetal exposure during pregnancy,Moderate,11,0.0018,0.12,18.37
LAMOTRIGINE,ZOLPIDEM,Suicide attempt,Moderate,5,0.0008,0.1,18.27
GABAPENTIN,MELATONIN,Product use issue,Moderate,5,0.0008,0.04,18.27
LAMOTRIGINE,LEVETIRACETAM,Maternal death,Moderate,5,0.0008,0.03,18.11
GABAPENTIN,CEFTRIAXONE,Abdominal pain,Moderate,5,0.0008,0.05,18.08
TOPIRAMATE,CLOBAZAM,Multiple-drug resistance,Moderate,5,0.0008,0.08,17.18
LAMOTRIGINE,TOPIRAMATE,Paraesthesia,Moderate,5,0.0008,0.04,16.77
RISPERIDONE,ZOPICLONE,Fall,Serious,6,0.001,0.14,16.08
GABAPENTIN,DULOXETINE,Serotonin syndrome,Moderate,7,0.0012,0.1,15.98
CLOBAZAM,LEVETIRACETAM,Premature baby,Moderate,9,0.0015,0.05,15.79
GABAPENTIN,BACLOFEN,Drug dependence,Moderate,6,0.001,0.06,15.49
GABAPENTIN,MELATONIN,Abdominal pain,Moderate,6,0.001,0.04,15.48
LAMOTRIGINE,TOPIRAMATE,Insomnia,Moderate,5,0.0008,0.04,14.68
IBUPROFEN,GABAPENTIN,Drug ineffective for unapproved indication,Moderate,8,0.0013,0.13,14.52
CYCLOSPORINE,PREDNISOLONE,Colitis ulcerative,Moderate,6,0.001,0.04,14.29
LACOSAMIDE,LEVETIRACETAM,Arrhythmia,Moderate,6,0.001,0.02,13.76
CLOBAZAM,LEVETIRACETAM,Delirium,Moderate,5,0.0008,0.03,13.49
PREDNISOLONE,AZATHIOPRINE,Colitis ulcerative,Moderate,6,0.001,0.03,12.97
GABAPENTIN,CEFTRIAXONE,Pulmonary embolism,Serious,5,0.0008,0.05,12.81
DIAZEPAM,RISPERIDONE,Vomiting,Moderate,9,0.0015,0.07,12.55
LEVETIRACETAM,PHENOBARBITAL,Treatment failure,Moderate,5,0.0008,0.08,12.46
CLOBAZAM,LEVETIRACETAM,Gait disturbance,Moderate,5,0.0008,0.03,11.69
LAMOTRIGINE,CLOBAZAM,Maternal exposure during pregnancy,Moderate,8,0.0013,0.09,11.54
NAPROXEN,TOPIRAMATE,Rash,Moderate,6,0.001,0.05,11.21
CLOBAZAM,PHENOBARBITAL,Seizure,Moderate,5,0.0008,0.07,11.05
DIAZEPAM,RISPERIDONE,Nausea,Moderate,11,0.0018,0.08,10.8
DIAZEPAM,RISPERIDONE,Suicide attempt,Moderate,8,0.0013,0.06,10.8
MYCOPHENOLATE MOFETIL,PREDNISOLONE,Delayed graft function,Moderate,5,0.0008,0.01,10.78
DIAZEPAM,RISPERIDONE,Pneumonia,Moderate,7,0.0012,0.05,10.43
IBUPROFEN,GABAPENTIN,Therapy non-responder,Moderate,8,0.0013,0.13,10.26
LAMOTRIGINE,CLOBAZAM,Seizure,Moderate,6,0.001,0.06,10.02
LAMOTRIGINE,LEVETIRACETAM,Premature baby,Moderate,6,0.001,0.03,9.78
LAMOTRIGINE,LEVETIRACETAM,Foetal exposure during pregnancy,Moderate,11,0.0018,0.06,9.43
LACOSAMIDE,LEVETIRACETAM,Oxygen saturation decreased,Moderate,5,0.0008,0.02,9.38
CLOBAZAM,LEVETIRACETAM,Status epilepticus,Moderate,5,0.0008,0.03,9.23
LAMOTRIGINE,ZOLPIDEM,Condition aggravated,Moderate,6,0.001,0.12,9.11
AZATHIOPRINE,PREDNISOLONE,Therapy non-responder,Moderate,20,0.0034,0.11,8.64
MYCOPHENOLATE MOFETIL,CYCLOSPORINE,Pneumonia cytomegaloviral,Moderate,6,0.001,0.02,8.26
MYCOPHENOLATE MOFETIL,PREDNISOLONE,Transplant rejection,Moderate,19,0.0032,0.03,7.88
LACOSAMIDE,LEVETIRACETAM,Status epilepticus,Moderate,7,0.0012,0.02,7.6
LAMOTRIGINE,LEVETIRACETAM,Maternal exposure during pregnancy,Moderate,10,0.0017,0.05,7.41
VALPROIC ACID,LEVETIRACETAM,Thrombocytopenia,Moderate,5,0.0008,0.04,7.4
MYCOPHENOLATE MOFETIL,CYCLOSPORINE,Infection,Moderate,7,0.0012,0.02,7.06
LAMOTRIGINE,LEVETIRACETAM,Seizure,Moderate,8,0.0013,0.04,6.86
PHENYTOIN,TOPIRAMATE,Drug ineffective,Moderate,9,0.0015,0.47,6.82
LACOSAMIDE,LEVETIRACETAM,Pancreatitis acute,Serious,5,0.0008,0.02,6.45
GABAPENTIN,BACLOFEN,Fall,Serious,6,0.001,0.06,6.43
CLOBAZAM,LEVETIRACETAM,Maternal exposure during pregnancy,Moderate,8,0.0013,0.05,6.38
MYCOPHENOLATE MOFETIL,PREDNISOLONE,COVID-19 pneumonia,Serious,8,0.0013,0.01,6.16
LACOSAMIDE,LEVETIRACETAM,Generalised tonic-clonic seizure,Moderate,5,0.0008,0.02,6.07
LACOSAMIDE,PHENOBARBITAL,Drug ineffective,Moderate,8,0.0013,0.42,6.07
TOPIRAMATE,RITUXIMAB,Pneumonia,Moderate,5,0.0008,0.03,6.01
PHENYTOIN,IBUPROFEN,Drug ineffective,Moderate,16,0.0027,0.4,5.76
MYCOPHENOLATE MOFETIL,PREDNISOLONE,Pneumocystis jirovecii pneumonia,Moderate,9,0.0015,0.02,5.71
PHENYTOIN,GABAPENTIN,Drug ineffective,Moderate,17,0.0029,0.38,5.44
LAMOTRIGINE,LEVETIRACETAM,Therapeutic product effect incomplete,Moderate,5,0.0008,0.03,5.43
MYCOPHENOLATE MOFETIL,CYCLOSPORINE,Pneumocystis jirovecii pneumonia,Moderate,6,0.001,0.02,5.34
IBUPROFEN,GABAPENTIN,Off label use,Moderate,13,0.0022,0.21,5.3
LACOSAMIDE,LEVETIRACETAM,Depressed level of consciousness,Moderate,5,0.0008,0.02,5.16
PHENYTOIN,GABAPENTIN,Off label use,Moderate,9,0.0015,0.2,5.05
VALPROIC ACID,OXCARBAZEPINE,Drug ineffective,Moderate,7,0.0012,0.35,5.04
MYCOPHENOLATE MOFETIL,PREDNISOLONE,Pancytopenia,Moderate,5,0.0008,0.01,4.9
LACOSAMIDE,LEVETIRACETAM,Seizure,Moderate,9,0.0015,0.03,4.89
MYCOPHENOLATE MOFETIL,PREDNISOLONE,COVID-19,Serious,14,0.0023,0.03,4.87
CLOBAZAM,LEVETIRACETAM,Seizure,Moderate,5,0.0008,0.03,4.62
CLOBAZAM,LEVETIRACETAM,Foetal exposure during pregnancy,Moderate,5,0.0008,0.03,4.62
MYCOPHENOLATE MOFETIL,CYCLOSPORINE,Cytomegalovirus infection reactivation,Moderate,7,0.0012,0.02,4.61
PHENYTOIN,IBUPROFEN,Off label use,Moderate,7,0.0012,0.18,4.42
LACOSAMIDE,LEVETIRACETAM,Multiple-drug resistance,Moderate,6,0.001,0.02,4.42
MYCOPHENOLATE MOFETIL,PREDNISOLONE,Cytomegalovirus infection,Moderate,9,0.0015,0.02,4.41
LACOSAMIDE,ZONISAMIDE,Drug ineffective,Moderate,7,0.0012,0.3,4.38
ZONISAMIDE,LEVETIRACETAM,Drug ineffective,Moderate,8,0.0013,0.3,4.27
MYCOPHENOLATE MOFETIL,PREDNISOLONE,Renal impairment,Moderate,6,0.001,0.01,4.04
TOPIRAMATE,LACOSAMIDE,Drug ineffective,Moderate,13,0.0022,0.28,3.98
IBUPROFEN,GABAPENTIN,Drug ineffective,Moderate,17,0.0029,0.27,3.95
MYCOPHENOLATE MOFETIL,PREDNISOLONE,Sepsis,Moderate,5,0.0008,0.01,3.85
PREDNISOLONE,AZATHIOPRINE,Maternal exposure during pregnancy,Moderate,5,0.0008,0.03,3.68
PHENYTOIN,LACOSAMIDE,Drug ineffective,Moderate,12,0.002,0.26,3.68
MYCOPHENOLATE MOFETIL,CYCLOSPORINE,Cytomegalovirus infection,Moderate,5,0.0008,0.01,3.44
LACOSAMIDE,CLOBAZAM,Drug ineffective,Moderate,21,0.0035,0.24,3.44
LEVETIRACETAM,PREGABALIN,Drug ineffective,Moderate,10,0.0017,0.24,3.43
TOPIRAMATE,ZONISAMIDE,Drug ineffective,Moderate,5,0.0008,0.24,3.43
TOPIRAMATE,LEVETIRACETAM,Drug ineffective,Moderate,13,0.0022,0.24,3.41
CLOBAZAM,MELATONIN,Off label use,Moderate,5,0.0008,0.13,3.33
CLOBAZAM,OXCARBAZEPINE,Drug ineffective,Moderate,9,0.0015,0.23,3.32
LAMOTRIGINE,TOPIRAMATE,Product use in unapproved indication,Moderate,5,0.0008,0.04,3.31
LACOSAMIDE,LEVETIRACETAM,Maternal exposure during pregnancy,Moderate,7,0.0012,0.02,3.28
VALPROIC ACID,PHENOBARBITAL,Drug ineffective,Moderate,5,0.0008,0.23,3.27
VALPROIC ACID,LACOSAMIDE,Drug ineffective,Moderate,18,0.003,0.22,3.24
LACOSAMIDE,LEVETIRACETAM,Somnolence,Moderate,8,0.0013,0.03,3.24
MYCOPHENOLATE MOFETIL,CYCLOSPORINE,Pneumonia,Moderate,6,0.001,0.02,3.13
CARBAMAZEPINE,LACOSAMIDE,Drug ineffective,Moderate,7,0.0012,0.21,3.06
CYCLOSPORINE,PREDNISOLONE,Product use in unapproved indication,Moderate,6,0.001,0.04,3.02
LEVETIRACETAM,PHENOBARBITAL,Drug ineffective,Moderate,13,0.0022,0.21,2.97
VALPROIC ACID,TOPIRAMATE,Drug ineffective,Moderate,9,0.0015,0.2,2.95
TOPIRAMATE,AMITRIPTYLINE,Drug ineffective,Moderate,5,0.0008,0.2,2.88
PHENYTOIN,LEVETIRACETAM,Drug ineffective,Moderate,17,0.0029,0.2,2.88
LEVETIRACETAM,PHENOBARBITAL,Off label use,Moderate,7,0.0012,0.11,2.81
VALPROIC ACID,LEVETIRACETAM,Drug ineffective,Moderate,27,0.0045,0.19,2.8
OXCARBAZEPINE,LEVETIRACETAM,Drug ineffective,Moderate,14,0.0023,0.19,2.73
LACOSAMIDE,LEVETIRACETAM,Drug ineffective,Moderate,52,0.0087,0.18,2.59
VALPROIC ACID,CLOBAZAM,Drug ineffective,Moderate,12,0.002,0.18,2.58
LACOSAMIDE,OXCARBAZEPINE,Drug ineffective,Moderate,8,0.0013,0.18,2.56
MYCOPHENOLATE MOFETIL,CYCLOSPORINE,Product use in unapproved indication,Moderate,12,0.002,0.03,2.56
LAMOTRIGINE,ZOLPIDEM,Off label use,Moderate,5,0.0008,0.1,2.48
PHENYTOIN,VALPROIC ACID,Drug ineffective,Moderate,6,0.001,0.17,2.47
PHENYTOIN,CLOBAZAM,Drug ineffective,Moderate,7,0.0012,0.16,2.35
MYCOPHENOLATE MOFETIL,CYCLOSPORINE,Drug intolerance,Moderate,6,0.001,0.02,2.33
TOPIRAMATE,CLOBAZAM,Drug ineffective,Moderate,10,0.0017,0.16,2.32
GABAPENTIN,PHENOBARBITAL,Drug ineffective,Moderate,7,0.0012,0.16,2.24
CLOBAZAM,LEVETIRACETAM,Drug ineffective,Moderate,26,0.0044,0.15,2.2
PHENOBARBITAL,BACLOFEN,Drug ineffective,Moderate,7,0.0012,0.15,2.15
CLOBAZAM,BACLOFEN,Drug ineffective,Moderate,7,0.0012,0.15,2.15
MELATONIN,CEFTRIAXONE,Off label use,Moderate,5,0.0008,0.08,2.14
MYCOPHENOLATE MOFETIL,PREDNISOLONE,Acute kidney injury,Moderate,7,0.0012,0.01,2.1
CLOBAZAM,PHENOBARBITAL,Drug ineffective,Moderate,10,0.0017,0.14,2.03
MYCOPHENOLATE MOFETIL,PREDNISOLONE,Drug interaction,Moderate,8,0.0013,0.01,2.01
LAMOTRIGINE,PRAMIPEXOLE,Drug ineffective,Moderate,5,0.0008,0.14,2.0
GABAPENTIN,CLOBAZAM,Drug ineffective,Moderate,7,0.0012,0.13,1.94
MELATONIN,PHENOBARBITAL,Drug ineffective,Moderate,5,0.0008,0.13,1.9
CLOBAZAM,MELATONIN,Drug ineffective,Moderate,5,0.0008,0.13,1.9
VALPROIC ACID,DIAZEPAM,Drug ineffective,Moderate,5,0.0008,0.13,1.9
MYCOPHENOLATE MOFETIL,AZATHIOPRINE,Off label use,Moderate,7,0.0012,0.07,1.86
GABAPENTIN,DIAZEPAM,Drug ineffective,Moderate,5,0.0008,0.13,1.85
CARBAMAZEPINE,LEVETIRACETAM,Drug ineffective,Moderate,7,0.0012,0.13,1.83
MYCOPHENOLATE MOFETIL,AZATHIOPRINE,Drug ineffective,Moderate,12,0.002,0.13,1.82
VALPROIC ACID,LAMOTRIGINE,Drug ineffective,Moderate,7,0.0012,0.12,1.8
LAMOTRIGINE,RISPERIDONE,Drug ineffective,Moderate,6,0.001,0.12,1.73
CYCLOSPORINE,PREDNISOLONE,Drug ineffective,Moderate,20,0.0034,0.12,1.73
LAMOTRIGINE,ZOLPIDEM,Drug ineffective,Moderate,6,0.001,0.12,1.69
MELATONIN,BACLOFEN,Drug ineffective,Moderate,5,0.0008,0.12,1.68
GABAPENTIN,BACLOFEN,Drug ineffective,Moderate,12,0.002,0.11,1.65
VANCOMYCIN,CEFTRIAXONE,Drug ineffective,Moderate,5,0.0008,0.11,1.64
VALPROIC ACID,RISPERIDONE,Drug ineffective,Moderate,5,0.0008,0.11,1.6
GABAPENTIN,CEFTRIAXONE,Off label use,Moderate,6,0.001,0.06,1.56
NAPROXEN,TOPIRAMATE,Off label use,Moderate,8,0.0013,0.06,1.52
DULOXETINE,PREGABALIN,Drug ineffective,Moderate,8,0.0013,0.11,1.52
LACOSAMIDE,LEVETIRACETAM,Off label use,Moderate,17,0.0029,0.06,1.49
GABAPENTIN,MELATONIN,Off label use,Moderate,8,0.0013,0.06,1.49
MYCOPHENOLATE MOFETIL,CYCLOSPORINE,Off label use,Moderate,23,0.0039,0.06,1.48
MYCOPHENOLATE MOFETIL,CYCLOSPORINE,Drug ineffective for unapproved indication,Moderate,5,0.0008,0.01,1.43
LACOSAMIDE,LEVETIRACETAM,Therapy non-responder,Moderate,5,0.0008,0.02,1.38
CYCLOSPORINE,AZATHIOPRINE,Drug ineffective,Moderate,8,0.0013,0.08,1.2
LAMOTRIGINE,TOPIRAMATE,Off label use,Moderate,6,0.001,0.05,1.19
TOPIRAMATE,RITUXIMAB,Off label use,Moderate,8,0.0013,0.05,1.18
MYCOPHENOLATE MOFETIL,PREDNISOLONE,Off label use,Moderate,24,0.004,0.04,1.1
CYCLOSPORINE,PREDNISOLONE,Off label use,Moderate,7,0.0012,0.04,1.06
LAMOTRIGINE,LACOSAMIDE,Drug ineffective,Moderate,6,0.001,0.07,1.04
HALOPERIDOL,RISPERIDONE,Drug ineffective,Moderate,6,0.001,0.07,0.94
LAMOTRIGINE,TOPIRAMATE,Drug ineffective,Moderate,8,0.0013,0.06,0.91
GABAPENTIN,PREGABALIN,Drug ineffective,Moderate,5,0.0008,0.06,0.89
LAMOTRIGINE,LEVETIRACETAM,Drug ineffective,Moderate,10,0.0017,0.05,0.79
GABAPENTIN,MELATONIN,Drug ineffective,Moderate,7,0.0012,0.05,0.74
MYCOPHENOLATE MOFETIL,CYCLOSPORINE,Drug ineffective,Moderate,20,0.0034,0.05,0.73
MYCOPHENOLATE MOFETIL,PREDNISOLONE,Condition aggravated,Moderate,5,0.0008,0.01,0.7
PREDNISOLONE,AZATHIOPRINE,Drug ineffective,Moderate,6,0.001,0.03,0.47
MYCOPHENOLATE MOFETIL,PREDNISOLONE,Drug ineffective,Moderate,16,0.0027,0.03,0.42
